features,section
Récord 96 mil asistentes pelea Dubois Joshua hoy Wembley Londres Daniel Dubois nueva estrella del boxeo mundial dos veces campeón del orbe Anthony Joshua disputan hoy cinturón pesos pesados Federación Internacional Boxeo ( FIB ) multitud récord 96 mil personas catedral del futbol Wembley,Deportes
América no está formar jugadores dice Jardine Siendo América uno clubes menos minutos ha dado juveniles timonel del plantel André Jardine mostró regla menores tiene intención impulsar jóvenes talentos al señalar prioridad Liga Mx es ganar torneo no formación jugadores beneficio selección México,Deportes
Fátima Herrera miedo nada hizo historia ring París 2024 surgimiento referentes deporte mujeres comienza forjar nuevos talentos Inspira-da proezas Jackie Nava Ana María Guerrera Torres Fátima Herrera peleó llegar París 2024 hizo historia al convertirse primera boxeadora mexicana conseguir victoria Juegos Olímpicos,Deportes
Pumas femenil deja escapar tres puntos CU Pese generar diversas oportunidades gol Pumas no logró pa-sar del empate 0-0 Querétaro dejó escapar valiosos puntos permitieran afianzarse primeros lugares clasificación general del torneo Apertura 2024 Liga Mx Femenil,Deportes
Cae dupla Zverev-Alcaraz dupla Carlos Alcaraz-Alexander Zverev cayó pareja estadunidense formada Taylor Fritz Ben Shelton 7-6 ( 7/5 ) 6-4 dejando marcador 2-2 al final primera jornada Laver Cup disputa Berlín Impulsada Roger Federer 2017 competencia – exhibición inspirada Ryder Cup golf llamada homenaje al jugador australiano Rod Laver – enfrenta seis jugadores Europa mismo número representantes del resto del mundo,Deportes
México pierde penales leyendas FIFA planteles repletos figuras otras épocas equipos leyendas FIFA Monterrey protagonizaron partido exhibición congregó miles personas estadio BBVA actual casa Rayados sedes México Copa del Mundo 2026 Andrea Pirlo Dwayne Rosario Youri Djorkaeff marcaron internacionales mientras ex seleccionados tricolores Luis Hernández Miguel Layún Jorge Campos lograron empate tres penales representantes FIFA impusieron 5-4 Dada inactividad participantes retiro profesional organizadores ajustaron dimensiones del terreno juego leyendas FIFA estuvieron arquero Gianluigi Buffon Alessandro del Piero Didier Drogba Carles Puyol Xavi Hernández Diego Forlán México destacaron Oribe Peralta Luis Hernádez Jorge Campos Guillermo Franco Paul Aguilar técnico Bora Milutinovic,Deportes
Tuzos salen crisis derrotan al Puebla visita Pachuca reordenó piezas rompecabezas victorias fechas anteriores Tuzos volvieron ganar Liga Mx al imponerse 3-2 al Puebla estadio Cuauhtémoc Mucho tuvo ver debilidad defensiva Franja más contundencia delanteros Salomón Rondón Nelson Deossa fueron figuras ataque,Deportes
Jaime Munguía regresa grande gana nocaut Jaime Munguía regresó al ring plan grande dura pelea canadiense Erik Bazinyan Glendale Arizona pugilista mexicano consiguió victoria del nocaut décimo asalto poderoso gancho mano izquierda ocasionó derrumbe rival Bazinyan intentó pararse recibió cuenta del réferi no encontró fuerza piernas aceptó derrota combate dejó manos del tijuanense título plata peso supermediano del CMB Fue pelea fuerte pesada ningún momento Bazinyan lastimó Tuve ir abriéndolo poco poco Ahora queremos mejores peleas siguiente año gustaría enfrentar Caleb Plant Édgar Berlanga declaró Munguía no peleaba derrota tapatío Saúl Canelo Álvarez,Deportes
Verstappen castigado lenguaje grosero Norris lidera prácticas Max Verstappen cayó nuevo espiral errores persigue Red Bull jornada ensayos libres del Gran Premio Singapur tricampeón mundial Fórmula 1 logró cuarto mejor tiempo primera ronda fue lugar 15 quejándose falta adherencia gomas Quedó 1.2 segundos del líder Lando Norris ( McLaren ) brilló circuito urbano Mari-na Bay delante del monegasco Charles Leclerc Carlos Sainz ( Ferrari ) mexicano Sergio Pérez ubicó octavo puesto,Deportes
Ohtani desata euforia prensa japonesa proeza Shohei Ohtani convirtió primer pelotero Grandes Ligas 50 jonrones 50 bases robadas temporada fue celebrada ediciones extra periódicos aficio-nados leyeran camino al trabajo viernes Japón,Deportes
Lun representa escena magia infancia enigma existencia magia infancia enigma existencia riesgos pérdida memoria entrelazan Lun propuesta escénica llega al Teatro Artes del Centro Nacional Artes ( Cenart ) partir este fin semana,Cultura
Develará AMLO estatua Catarino Garza Rodríguez próximo lunes presidente Andrés Manuel López Obrador inaugurará estatua honor del revolucionario Catarino Garza Rodríguez precursor del alzamiento revolucionario dictadura Porfirio Díaz video definió Garza Rodríguez idealista soñador guardadas circunstancias cada uno similar Ernesto Che Guevara,Cultura
Xalapa indigna destrucción escultura posterior uso relleno zanja Coatl escultura monumental ceramistas Rocío Sagaón ( 1933-2015 ) Laura Navarro ubicada parque Natura Xalapa Veracruz fue destruida usada relleno empresa contratada gobierno encabeza Cuitláhuac García Jiménez desarrollar proyecto Naturalia refugio vida silvestre instalará dentro del bosque urbano,Cultura
Ó Instrucciones salir del agua desmonta mito Ofelia mirada feminista Ser no ser escucha escena famosa frase no pronuncia Hamlet mujer cuestiona opción es morir dormir tal vez soñar trata propuesta escénica Ó Instrucciones salir del agua conjuga teatro físico danza repensar al personaje shakesperiano Ofelia mirada moderna feminista María Fernanda Baez interpreta unipersonal inició temporada teatro Milagro,Cultura
Angélica Azuara recomienda Jornada trinchera puesto periódicos Angélica Azuara puesto periódicos trabaja hace 15 años es también trinchera ha tocado evadir recibir dardos censura sexenios anteriores mentes panistas cerradas hoy día,Cultura
quedaría corto al hablar significa Jornada México Hace poco más 40 años había más periodismo decirlo alguna manera además grandes diarios estaban otros Figaro Cine Mundial Redondel segunda Ovaciones Últimas Noticias Extra Hoy es cochinada cualquiera es difusor noticias no noticias están otros lados ese panorama qué importante es exista Jornada da lugar lectores,Cultura
Carlos Fernández-Vega México SA Ernesto Zedillo fue uno seis depredadores del Estado instalados Pinos régimen neoliberal al igual otros gerentes misma estirpe dedicó entregar bienes nación al gran capital sello sexenal fue ilegal rescate banca Fobaproa este personaje ahora intenta reivindicar derecha autóctona fue más allá siempre intereses nacionales,Economía
Reserva Federal EU no es referente política monetaria global bancos centrales diversos países realizaron serie movimientos tasas interés semana encabezados Reserva Federal Estados Unidos ( Fed ) miércoles recortó tasas referencia primera vez 2020,Economía
Es innecesaria reforma fiscal siguiente sexenio presidente Andrés Manuel López Obrador aseguró no es necesaria reforma fiscal futuro mantiene fórmula combate corrupción política austeridad republicana,Economía
Termina semana peso pérdida uno ciento peso cerró retroceso uno ciento semana marcada anuncio política monetaria del banco central Estados Unidos también afectado cautela inversionistas aguardan anuncio del Banco México próxima semana,Economía
BdeM recortará tasa cuarto punto anticipa encuesta Analistas económicos consultados Citibanamex anticiparon nuevo recorte 0.25 puntos porcentuales tasa interés referencia del Banco México ( BdeM ) reunión próxima semana estiman ubique 10 ciento al cierre 2024,Economía
China campo batalla Apple Huawei nuevos teléfonos alta gama nuevos modelos Apple Huawei salieron venta manera simultánea este viernes China usuarios hicieron largas filas adquirir dispositivos alta gama dos marcas compiten mercado chino uno más grandes importantes ambas compañías,Economía
Silvia Ribeiro * Ayotzinapa impunidad olvido saber paradero justicia tortuoso camino encubrimientos impunidad cumplen este 26 septiembre 10 años desaparición forzada 43 estudiantes escuela normal Raúl Isidro Burgos Ayotzinapa asesinato seis personas tres estudiantes,Economía
Mexicana presenta avión Embraer sumará flota 2025 Zumpango Méx fin consolidarse industria del transporte aéreo nacional Mexicana Aviación aerolínea del Estado mexicano presentó avión Embraer E195-E2 modelo del adquirieron 20 unidades aerolínea empezará recibir partir mayo 2025,Economía
China sufre exceso ... leche mercado leche China enfrenta situación complicada exceso oferta baja demanda pérdidas millonarias,Economía
"EU pide implementación rigurosa plan certificación aguacate México ventas aguacate mexicano Estados Unidos han disparado 48% 2019 alcanzar valor más 3,000 millones dólares año pasado",Economía
Banqueros piden evitar arbitraje regulatorio licencias bancarias presidente ABM dijo productos ofrece cada instituciones financieras deben tener regulación igual mantener incentivo inversión país,Economía
Banqueros esperan leyes secundarias reforma judicial den certidumbre aprobación reforma al Poder Judicial banqueros esperan leyes secundarias afinen detalles permitan reforma exitosa,Economía
Slim critica dinero gasta jubilados pide combatir pobreza hombre más rico México dice recursos reciben actualmente mayores 65 años debería usarse sacar 6 millones personas pobreza extrema,Economía
Eliminación subsidios gasolinas impedirá bajas precios medida disminución estímulos fiscales obedece más necesidad incrementar recaudación impuestos reducir déficit fiscal consideran especialistas,Economía
México impugnará fallo determina pago 37 mdd Odyssey Marine Exploration empresa estadounidense ganó arbitraje internacional México consideró Semarnat negó arbitrariamente permiso proyecto minero marino Baja California Sur,Economía
"24% créditos hipotecarios es cofinanciado Infonavit Fovissste Asociación Bancos México dijo enero julio este año 16,100 créditos ha dado banca han tenido cofinanciamiento institutos trabajadores",Economía
Yellen considera señal muy positiva recorte tasas Fed medida refleja confianza parte Fed inflación cedió está camino meta 2% ( anual ) expresó secretaria del Tesoro EU,Economía
CNBV buscará regular reportes ciberseguridad regulador busca todas empresas ofrezcan servicio financiero deban homologar criterios reportar han sido víctimas ataque cibernético,Economía
Recorte Fed da margen maniobra Banco México decisión política monetaria del banco central estadounidense Banxico tiene oportunidad mantener amplio diferencial tasas aseguran analistas,Economía
Claudia Sheinbaum reunirá empresarios Estados Unidos octubre medio voces empresariales dicen inversiones han detenido reforma judicial Marcelo Ebrard anunció asistencia próxima presidenta México CEO Dialogue,Economía
¿ Dónde hay mayor brecha salarial género México ? Banxico realizó análisis brechas salariales género regiones México resultados demuestran norte es hay mayor diferencia remuneración hombres mujeres,Economía
¿ qué es importante tener seguro negocio ? seguro no solo cubre daños materiales también puede asegurar continuidad operaciones caso siniestro destaca AMIS,Economía
Peligra economía México Trump gana cumple aranceles Moody's agencia calificadora anticipa economía mexicana sufriría recesión 2025 mayor inflación,Economía
"RappiCard alcanza 5,107 millones pesos cartera crédito empresa resalta parte estrategia es ofrecer proceso solicitud aprobación solo dos minutos entrega tarjeta física 30 minutos",Economía
Fed baja tasas medio punto porcentual aduce confianza control inflación responsables política monetaria prevén tipo referencia Reserva Federal caiga otro medio punto porcentual finales este año,Economía
Mercado Pago recibe financiamiento JP Morgan apoyar Pymes mexicanas plataforma logra acuerdo banco inversión 250 millones dólares apoyar pequeños negocios país,Economía
número súper ricos dispara Estados Unidos China población China al menos 100 millones dólares cuentas ha duplicado últimos 10 años,Economía
Infonavit maneja 2.4 billones pesos activos Carlos Martínez fondos del instituto han aumentado aumentos salariales mayores aportaciones patronales fiscalización empresas programas regularización créditos,Economía
impacto del nearshoring tendencias laborales MetLife México escasez talento calificado importancia beneficios competitivos necesidad cultura organizacional sólida son principales desafíos enfrentan empresas,Economía
Sofipos ven oportunidades figura pesar migración bancaria Asociación Mexicana Sofipos ( AMS ) considera nueva regulación instituciones pueden seguir creciendo ayuda regulación tecnología,Economía
"Afores registran ganancias agosto más altas 9 meses Afores registraron plusvalías 231,284.6 millones pesos agosto monto más alto noviembre del año pasado",Economía
son mercancías más importa México exterior países más compra México son Estados Unidos representa casi 43% del total importaciones seguido China 20% Japón 3%,Economía
"SAT obtiene 191,506 mdp eficiencia recaudatoria 2024 mayor eficiencia recaudatoria debe principalmente programas Cumplimiento Obligaciones Vigilancia Profunda Cobranza Coactiva",Economía
Cetes reducen rendimiento previo decisión Banxico próxima semana Banco México ( Banxico ) dará conocer decisión política monetaria Cetes disminuyeron rendimientos todos plazos,Economía
gobierno Sheinbaum necesitará nueva política atraer inversiones Consumada desaparición ProMéxico esfuerzos atraer inversión extranjera dividieron especialistas cuestionan ente líder podría lograrse aún más,Economía
México EU acuerdan Sader supervise aguacate exportación gobiernos México Estados Unidos acordaron transferencia responsabilidades agilizar comercio,Economía
No todo es T-MEC son tratados comerciales aguardan Ebrard México tiene potencial ampliar diversificar exportaciones al menos cinco tratados además del tiene Estados Unidos Canadá,Economía
Instituciones crédito incertidumbre Reforma Judicial dice Moody’s pequeñas medianas empresas enfrentarán desaceleración créditos dada falta certeza jurídica instituciones financieras no bancarias,Economía
sequías impactan precio peso carne res Banxico Banco México destacó sequías provocan productores carne sacrifiquen al ganado antes tiempo no pierdan peso llega provocar inflación mediano plazo,Economía
HR Ratings baja previsión crecimiento 1.4% México 2024 agencia calificadora ve ambiente incertidumbre cambio administración reformas AMLO también recortó pronóstico 2025,Economía
Gasolina Magna va segunda semana subsidios semana del 14 al 20 septiembre consumidores pagarán 6.1752 pesos Impuesto Especial Producción Servicios ( IEPS ) litro gasolina regular,Economía
Banxico proyecta apogeo del nearshoring México 2026 2030 encuesta Banco México 41.3% empresas consultadas estima mayor beneficio del proceso relocalización dará ese periodo,Economía
Fitch S&P descartan degradar calificación México reforma judicial agencias calificadoras ven finanzas sólidas esperan prudencia fiscal Claudia Sheinbaum,Economía
es Antonio Martínez Dagnino jefe del SAT gobierno Sheinbaum Antonio Martínez Dagnino llegó jefatura del SAT octubre del 2022 Raquel Buenrostro pasara tomar liderazgo Secretaría Economía,Economía
Pemex Infonavit es Octavio Romero Oropeza presidenta electa Claudia Sheinbaum dio conocer Romero Oropeza estará al frente del Instituto del Fondo Nacional Vivienda Trabajadores,Economía
BBVA advierte reforma al Poder Judicial socava Estado derecho análisis del banco considera perspectivas crecimiento económico México también pueden deteriorarse,Economía
papel economía del bienestar gobiernos modernos economía del bienestar prioriza salud felicidad personas colocando valores al mismo nivel incluso encima indicadores económicos tradicionales PIB,Economía
salarios programas sociales remesas mantienen consumo México Pese inflación mayor tasa interés consumo privado México ha sido pilar economía tendencia queda poco tiempo advierten analistas,Economía
Moody's prevé reforma judicial debilite calidad crediticia México cambios sistema judicial perjudicarían futuras inversiones nearshoring dice agencia calificadora,Economía
Coparmex advierte reforma judicial afectará proyectos clave economía organismo empresarial lamenta aprobación Senado República señaló es decisión no tomó cuenta diferentes voces,Economía
peso mexicano mantiene 20 unidades dólar aprobación reforma judicial baja inflación EU moneda apreció 1.48% frente 20.09 unidades dólar reportadas al cierre del martes,Economía
México va facilitar respaldar inversiones EU Marcelo Ebrard aprobada reforma judicial próximo secretario Economía revivió posteó video redes sociales dice integración dos economías avanza paso acelerado,Economía
inversión extranjera cae estados más atractivos nearshoring falta energía eléctrica escasez agua mano obra además infraestructura rebasada transporte ponen freno decisiones inversión,Economía
"Comce espera inversiones 48,000 mdd pese reforma judicial presidente del Consejo Empresarial Mexicano Comercio Exterior destacó prevén Inversión Extranjera Directa cierre 2024 40,000 millones dólares 11% más respecto 2023",Economía
inflación cede Banxico enfrenta más retos bajar tasa interés volatilidad tipo cambio generada avance reforma judicial representa freno al banco central bajar tasa interés referencia,Economía
rendimientos Cetes tocan nivel más enero rendimientos Cetes 28 días tuvieron tasa más baja enero pasado expectativa Banxico haga más recortes tasa referencia,Economía
Mexico necesita política industrial acorde economía actual IMCO centro investigación apunta últimos 20 años valor agregado producción exportaciones manufactureras ha estancado,Economía
es audiencia quiere conquistar iPhone 16 Apple es consciente muchos usuarios iPhone 15 difícilmente van renovar smartphone hay segmento al pueden seducir,Ciencia y Tecnología
Microsoft usará energía nuclear alimentar Inteligencia Artificial acuerdo Microsoft Constellation Energy permitirá reactivar unidad planta nuclear Three Mile Island cubrir crecientes necesidades energéticas,Ciencia y Tecnología
ONU formula siete recomendaciones regular IA ONU creó año pasado órgano consultivo 39 miembros abordar problemas regulación internacional IA,Ciencia y Tecnología
caso Caliente TV anunciar apuestas transmitir Champions League compañía ha entrado ‘ guerra del streaming deportivo ’ captar parte este nicho mercado ello consolidar principal negocio apuestas,Ciencia y Tecnología
IA decide eres no apto trabajo ¿ qué hacer vea ? IA sí ha demostrado puede ser aliada espacios aplica sesgos puede presentar aún son inconveniente,Ciencia y Tecnología
Amazon Prime MGM Studios unen MPA empresas entretenimiento unen otras Netflix Paramount Pictures,Ciencia y Tecnología
Amazon lanza nuevo bot ayudará crecer ventas empresa dio conocer Amelia obtener datos venta inventario negocio está plataforma,Ciencia y Tecnología
PlayStation lanza edición limitada aspecto noventero consola evoca al aspecto del primer equipo lanzado Sony 1994 forma parte celebración 30 años,Ciencia y Tecnología
Usuarios reportan alerta sísmica nunca llegó celulares IFT había asegurado hoy empresas enviarían mensajes emergencia sismos nunca llegaron Telcel asegura alertas dependen del regulador,Ciencia y Tecnología
TelevisaUnivision nombra nuevo CEO exdirectivo Google trata Daniel Alegre sustitución Wade Davis cuenta amplia experiencia empresas tecnología trabajando comunidad hispana EU México América Latina,Ciencia y Tecnología
Inversión conectividad no caerá pese política judicial Neutral Networks CEO compañía Neutral Networks enfocada infraestructura crítica dijo necesidad conectividad nivel usuario empresa será más fuerte agendas políticas,Ciencia y Tecnología
Nintendo The Pokémon Company demandan al creador Palworld empresas japonesas iniciaron acción legal Pocketpair debido infracciones patentes al desarrollar llamado Pokémon armas,Ciencia y Tecnología
TelevisaUnivisión sustituirá Wade Davis director general empresa decidió sustituir Davis Daniel Alegre debido algunos resultados compañía cayeron debajo expectativas internas,Ciencia y Tecnología
YouTube presenta IA hacer videos ganar ‘ más ’ dinero empresa llevo cabo Made on YouTube evento también señaló número creadores obtienen mayor parte ingresos viene TV,Ciencia y Tecnología
IA generativa transforma operación ingresos empresariales uso IA generativa ha crecido diversos sectores impulsando innovación facilitando nuevas formas operar organizaciones,Ciencia y Tecnología
Amazon agrega PayPal método pago pedidos Comprar Prime nueva opción estará disponible usuarios realicen compras sitios web terceros membresía Prime,Ciencia y Tecnología
CFE Telecom perfila nuevo CEO impulsar proyecto internet dos fuentes conocimiento del tema al interior compañía ha puesto mesa nombre Emiliano Calderón Mercado ser nuevo CEO estatal telecomunicaciones,Ciencia y Tecnología
"Google salva multa antimonopolio 1,670 mmd caso comenzó supuesto dominio anticompetitivo empresa mercado publicidad línea",Ciencia y Tecnología
e-commerce chino conquista bolsas valores dueños Alibaba Temu JD conquistan e-commerce del mundo mientras diversifican negocios,Ciencia y Tecnología
¿ Cómo funciona canje teléfonos Mercado Libre ? Mercado Libre lanzó nuevo programa llamado Trade in smartphones puedes canjear antiguo celular modelo nuevo,Ciencia y Tecnología
Malware Android permite retirar dinero cajeros automáticos NGate clona datos NFC tarjetas pago retransmite atacante emula tarjeta original realizar retiros dinero cajeros automáticos,Ciencia y Tecnología
Uber Didi operan mismos sitios del AICM pese restricciones usuarios continúan pidiendo servicio taxis aplicación Uber apunta continuará operando regularidad,Ciencia y Tecnología
TikTok vs EU historia antaño no tiene fin claro prohibición llegaría enero 2025 empresa interpuso demanda evitar restricción mientras candidatos presidencia tampoco quieren bloquear,Ciencia y Tecnología
Cómo crear diario personal IA WhatsApp inteligencia artificial WhatsApp Meta AI puede aprovecharse realizar simplificar diferentes tareas Aquí explicamos cómo crear diario personal,Ciencia y Tecnología
Alerta sísmica llegará teléfonos próximo 19 septiembre IFT Telcel AT&amp;T Telefónica Bait comenzarán enviar notificaciones emergencia sismos huracanes inundaciones celulares,Ciencia y Tecnología
iOS 18 qué incluye nueva versión cómo actualizar iPhone todavía no ha integrado Apple Intelligence actualización al sistema operativo integra serie mejoras,Ciencia y Tecnología
Ahora usuarios Uber también deberán verificar identidad Uber implementará nueva verificación identidad pasajeros objetivo ofrecer mayor seguridad conductores evitar fraudes plataforma,Ciencia y Tecnología
Intel Amazon firman acuerdo comercial mercado recibe empresas tecnología trabajarán conjunto coinversión diseños chip personalizados negocio nube big tech AWS,Ciencia y Tecnología
OpenAI crea junta seguridad capaz detener nuevos lanzamientos empresa busca mejorar procesos protección confianza transparencia medio búsqueda nueva ronda financiación multimillonaria,Ciencia y Tecnología
Instagram lanza cuenta adolescentes controles parentales usuarios menores 16 años sólo podrán recibir mensajes ser etiquetados cuentas sigan estén conectados,Ciencia y Tecnología
¿ servicio al cliente manos IA es mejor humanos ? Más mitad profesionales servicio al cliente ocupan algún software impulsado IA espera continúe creciendo,Ciencia y Tecnología
"Intel aplaza proyecto instalar fábricas Alemania Polonia anuncio presenta después revelara empresa recibirá 3,000 millones dólares del gobierno estadounidense fabricar semiconductores",Ciencia y Tecnología
Amazon despide del home office empleados regresan oficina 2025 empresas han permitido muchos empleados trabajen casa pandemia ha dejado oficinas casi vacías varias ciudades San Francisco Seattle,Ciencia y Tecnología
"Rappi considera debutar Bolsa Nueva York año Rappi opera nueve países región es considerada unicornio tecnológico valoración supera 5,000 millones dólares",Ciencia y Tecnología
TikTok Departamento Justicia enfrentan tribunales EU abogados TikTok enfrentarán al Departamento Justicia tribunal Washington destino ley podría prohibir aplicación vídeos cortos,Ciencia y Tecnología
¿ Cómo beneficiaría Altán Redes desaparición del IFT ? eliminación del IFT Ejecutivo tendría facultad adjudicar directamente espectro Altán plan cierre brecha digital volverse más competitiva AT&amp;T Telcel,Ciencia y Tecnología
Telefónica Megacable aplican medidas seguridad Culiacán compañías telecomunicaciones decidieron modificar operación sucursales garantizar seguridad trabajadores entidad ha sido azotada violencia,Ciencia y Tecnología
"Intel logra acuerdo 3,500 mdd fabricar chips ejército trata programa secreto llamado Secure Enclave busca establecer producción chips avanzados aplicaciones militares Inteligencia",Ciencia y Tecnología
Brasil desbloquea cuentas Starlink X transferencia 3 mdd juez del Supremo Tribunal dijo levantamiento ordenó cantidad transferida arcas Brasil alcanzaba total X debía al país concepto multas,Ciencia y Tecnología
"¿ Cuánto da Apple iPhone abonar compra uno nuevo ? programa Trade In recibe equipos iPhone 2020 15 Pro Max bonificación máxima 20,000 pesos",Ciencia y Tecnología
Telmex suspende atención quejas Centros servicios Culiacán Sindicato Telefonistas dijo debido enfrentamientos armados entidad decidió no abrir tiendas centros trabajo resguardar integridad técnicos,Ciencia y Tecnología
¿ Cómo usar nuevas funciones texto Instagram ? nuevas herramientas texto incluyen más fuentes efectos posibilidad agregar texto superpuesto publicaciones del feed,Ciencia y Tecnología
Líderes tecnológicos acudirán Casa Blanca hablar IA CNN Funcionarios alto rango líderes tecnológicos darán cita hablar recursos energéticos infraestructura necesarios impulsar herramienta,Ciencia y Tecnología
OpenAI lanza nueva serie modelos IA capacidad razonamiento modelo conocido internamente strawberry tuvo altas calificaciones pruebas matemáticas codificación empresa reconoce aún puede dar respuestas limitadas,Ciencia y Tecnología
UE ahora va empresas videojuegos Después tener foco torno big tech organismo regulador busca esclarecer prácticas compañías Fortnite,Ciencia y Tecnología
"escritura manual código tiene días contados vaticina CEO NVIDIA Jensen Huang explicó 32,000 ingenieros software estarán acompañados 100 veces más asistentes digitales 24 horas del día 7 días semana",Ciencia y Tecnología
In extremis Águilas rescatan valioso empate 1-1 Necaxa gol agónico Henry Martín América rescató valioso empate 1-1 Necaxa hilvanó tres partidos conocer derrota ayer due-lo correspondiente jornada nueve del torneo Apertura 2024 Liga Mx disputado estadio Victoria Aguascalientes,Deportes
Dubois noquea Joshua retiene cetro pesados Londres Daniel Dubois retuvo título pesados Federación Internacional Boxeo ( FIB ) al noquear quinto asalto al ex bicampeón Anthony Joshua primera defensa cinturón realizada estadio Wembley,Deportes
Copa Laver equipo del resto del mundo tomó ventaja 8-4 Copa Laver selección Europa triunfos estadunidenses Taylor Fritz ( imagen ) Frances Tiafoe alemán Alexander Zverev ruso Daniil Medvedev respectivamente fueron fundamentales comandados John McEnroe tomaran delantera justa define hoy al campeón acumule 13 puntos Berlín,Deportes
Cruz Azul intratable vence 1-0 Chivas afianza superliderato Hay partidos marcan agenda Cruz Azul Después del clásico joven América rivalidad Guadalajara tiene valor especial ese peso escenario importante Máquina volvió cantar victoria estadio Ciudad Deportes ( 1-0 ) mantenerse único líder Liga Mx seguir carrera campeonato,Deportes
Gobierno CDMX premia más millar atletas locales Más millar atletas capitalinos fueron premiados ayer participación Juegos Nacionales Conade,Deportes
Leyendas del pancracio regresan Coliseo Día nacional del luchador hombre otras ocasiones mujer máscara sube al ring arena Coliseo afición ovaciona no importa es rudo técnico todos saben está ese cuadrilátero arriesgar vida medio uno espectáculos más vistosos folclóricos polémicos del deporte lucha libre Místico Octagón Atlantis leyendas disciplina fueron ayer representantes históricos función motivo del Día nacional del luchador lucha libre,Deportes
Jiménez plan goleador brilla triunfo del Fulham Raúl Jiménez anotó nuevo Fulham Liga Premier inglesa delantero mexicano 33 años abrió marcador Craven Cottage Newcastle United encaminó victoria 3-1 quinta fecha,Deportes
Norris consigue pole GP Singapur Checo del top-10 mexicano Sergio Pérez ( Red Bull ) entró socavón Arrancó des-de fondo esperanzado neumáticos ayudarían remontar terminó lejos dos pilotos disputan título mundial Fórmula 1 calificación al Gran Premio Singapur Ubicado lugar 13 tapatío finalizó otra carrera poco memorable respecto del rendimiento Lando Norris ( McLaren ) tricampeón mundial Max Verstappen primero segundo parrilla salida respectivamente,Deportes
Manuel Ahumada dibujante demasiado viejo punk muy joven morir Era demasiado viejo punk muy joven morir dijo Manuel Ahumada ( 1956-2014 ) Gonzalo Rocha ambos moneros colaboradores Jornada día elevó más ahora mira cosmos acompañado dioses aztecas ángeles astronautas del Apolo 11 agregó referencia al día aquél falleció personajes eran frecuentes imaginario obra,Cultura
Elena Poniatowska Grito madrugada del 16 septiembre del 1810 Grito Independencia historia dio cura Miguel Hidalgo Costilla pueblo Dolores Guanajuato rasgó cielo hizo estallara movimiento Independencia,Cultura
Brasil ! Brasil ! revela visión vibrante del Modernismo Berna exposición Brasil ! Brasil ! The Birth of Modernism ( ¡ Brasil ! ¡ Brasil ! nacimiento del Modernismo0 inaugurada Zentrum Paul Klee ofrece visión vibrante ese movimiento artístico país sudamericano largo obra 10 artistas cinco autodidactas poco conocidos internacionalmente Varias 130 obras expuestas han salido Brasil primera vez muestra coincide temáticamente Bienal Venecia más mitad artistas aquí presentes también participan,Cultura
Secretario Arte Cultura Morena rinde informe actividades Secretario Arte Cultura del Comité Ejecutivo Nacional ( CEN ) Morena Tomás Pliego Calvo indicó medio participación 22 comisiones estatales arte cultura artistas creadores promotores gestores culturales colectivos cooperativas organizados partir del plan acción secretaría realizaron tareas actividades defensa Cuarta Transformación ( 4 T ) promoviendo cultura incluyente equitativa luchó lucha clasismo racismo machismo fascismo,Cultura
Entusiastas asistentes OSM festejaron Islas CU 114 años UNAM rugido puma resonó todo volumen este sábado Islas Ciudad Universitaria ( CU ) Universidad Nacional Autónoma México ( UNAM ) celebró 114 aniversario concierto memorable cargo Orquesta Sinfónica Minería ( OSM ),Cultura
tomar cuenta semana inicia darán conocer diversos reportes inflación ventas al menudeo indicador actividad económica balanza comercial anuncio política monetaria otros,Economía
Impulsa CRE infraestructura autos eléctricos disposiciones administrativas materia electromovilidad emitidas Comisión Reguladora Energía ( CRE ) no sólo impulsarán desarrollo infraestructura uso automóviles eléctricos híbridos también ordenamiento Sistema Eléctrico Nacional ( SEN ) acuerdo propio regulador,Economía
Joseph E. Stiglitz Kevin P. Gallagher Martín Guzmán Marilou Uy Especial Jornada FMI debe poner fin destructivos recargos nan,Economía
EU prohibirá software hardware chinos vehículos Washington Departamento Comercio Estados Unidos propondría lunes prohibir software hardware chinos vehículos conectados autónomos carreteras del país debido preocupaciones seguridad nacional dijeron fuentes Reuters,Economía
Cifras verdes * llave programas planeación ciudades inteligentes verdes bicicleta ha recuperado relevancia proyectos urbanos,Economía
Tribunal da 5 días X validar representante legal Brasil Río Janeiro red social X nombró representante legal Brasil exigencias volver funcionar país seguirá suspendida cumplir otros requisitos judiciales Tribunal Supremo Brasil dio plataforma social X propiedad Elon Musk cinco días presentar documentos validen nuevo representante legal país mostró sábado decisión judicial,Economía
Seguridad energética amenazada nivel mundial tensiones geopolíticas WEF transición energética nivel global observa avances particular economías desarrolladas China Brasil No obstante equidad ha retrocedido tensiones geopolíticas causan incertidumbre seguridad energética revela informe del Foro Económico Mundial ( WEF siglas inglés ),Economía
imperio bicicleta recupera terreno Pekín Pekín recién llegado Pekín puede tener cierta paranoia confundida certeza será atropellado Más temprano tarde auto bicicleta motocicleta triciclo podría darle empujón dejarle costado acera sobándose raspones risa asombro buscando curitas tienda conveniencia,Economía
Carlos Slim critica sistema pensiones México pide combatir pobreza hombre más rico México dice recursos reciben actualmente mayores 65 años debería usarse sacar 6 millones personas pobreza extrema,Economía
"Anuncios inversión México suman 59,900 mdd primeros nueve meses 2024 Secretaría Economía identifica 197 anuncios públicos enero septiembre Estados Unidos encabeza anuncios",Economía
Cómo Caliente pasó anunciar apuestas transmitir Champions League compañía ha entrado ‘ guerra del streaming deportivo ’ captar parte este nicho mercado ello consolidar principal negocio apuestas,Ciencia y Tecnología
Dos olímpicos conquistan Zúrich campeones olímpicos Remco Evenepoel ( imagen ) Grace Brown conquistaron ayer pruebas contrarreloj Mundial Ciclismo celebra Suiza Mientras Brown australiana 32 años proclamó campeona del mundo primera vez quedar segunda últimos dos años Evenepoel revalidó título 46.1 kilómetros Zúrich tiempo 53 minutos 2 segundos belga 24 años competirá carrera ruta domingo,Deportes
Charlyn Corral logra doblete mantiene invicto Pachuca empata 3-3 Chivas duelo vertiginoso Charlyn Corral firmó doblete Pachuca igualara 3-3 Chivas mantuviera invicto primeros puestos jornada once del torneo Clausura 2024 Liga Mx Femenil Tuzas suman 29 unidades estaban espera del duelo Tigres Tijuana confirmar liderato mientras tapatías ubicaron quinto puesto 20 unidades temporadas más irregulares,Deportes
Pumas sufre más rescata victoria 1-0 Xolos Pumas sufrió más rescató este domingo importante triunfo 1-0 Xolos Tijuana resultado catapultó zona liguilla duelo correspondiente jornada nueve del torneo Apertura 2024 Liga Mx efectuado estadio Olímpico Universitario,Deportes
Alcaraz da triunfo decisivo Europa campeón Copa Laver París Europa conquistó ayer Copa Laver tenis combinado del resto del mundo gracias victoria del español Carlos Alcaraz Taylor Fritz último duelo singles,Deportes
Jefes continúan invictos superan 22-17 Halcones Atlanta Patrick Mahomes lanzó par pases anotación defensiva Kansas City realizó par defensas tardías mantener Jefes invictos al vencer 22-17 Halcones Atlanta,Deportes
Tigres batallan vencer al último lugar del torneo duelo fue más complejo esperado Sebastián Córdova logró darle Tigres triunfo 1-0 sotanero Ciudad Juárez jornada nueve del torneo Clausura 2024 Liga Mx victoria felinos escalaron al segundo puesto tabla general 20 unidades dos puntos diferencia del líder Cruz Azul,Deportes
Dallas esperanza frustración Lamar Jackson Baltimore resistieron intento remontada Dallas llegó tarde dos anotaciones del estelar mariscal campo Cuervos derrotaron 28-25 Vaqueros encuentro marcado suspenso minutos finales,Deportes
Lando Norris supera Verstappen Gran Premio Singapur Singapur Lando Norris sorteó par sustos muros al ganar contundencia Gran Premio Singapur apenas pudo recortar siete puntos diferencia Max Verstappen líder del campeonato Fórmula Uno resultado mexicano Sergio Pérez fue completamente inesperado al terminar décimo lugar muchas dificultades rebasar llevó último punto repartió carrera,Deportes
Tercer cuadrangular del mexicano Jonathan Aranda Tampa Bay St Petersburgo mexicano Jonathan Aranda pegó cuadrangular tercer partido consecutivo Rays Tampa Bay vencieron 4-3 Azulejos completaron barrida serie tres juegos,Deportes
Haaland marca gol 100 empate del City Erling Haaland marcó gol 100 Manchester City delantero comparado androide más número es historia pura noruego puso adelante equipo Arsenal quedó 10 jugadores también inspiró empate 2-2 últimos minutos John Stones encargó sentenciar,Deportes
Alerta lesión Santi Giménez delantero mexicano Santiago Giménez encendió alarmas del Feyenoord salir cambio primera mitad del encuentro equipo superó 2-0 al NAC Breda Liga Países Bajos tricolor tuvo aparente molestia muscular no permitió abandonar campo propio pie fue sustituido,Deportes
Marlene Santos Alejo Balance jornada increíble parezca equipos millonetas favoritos Liga Mx sufren perder estribos América Monterrey empatan duras penas mientras Cruz Azul gana mínima ventaja Chivas sólo consiguen sumar frente coleros … Pocas emociones regaló fecha doble dieron nota quejoso André Jardine timonel amarillo Ivar Sisniega titular Federación Mexicana Futbol preocupado bajas entradas Estados Unidos pidió transmitir mensajes positivos apoyo selección,Deportes
Anahit María sale Gran Bretaña Armenia exhibición Diosa Madre Anahit María realizada originalmente Museo Británico fue prestada manera exclusiva seis meses al Museo Historia Armenia ubicado ciudad Yerevan muestra es reflexión papel femenino materno distintas deidades variadas culturas imagen cabeza estatua bronce diosa Anahit perteneciente cultura persa data del siglo I antes Cristo,Cultura
obra Nombres combate reúne foro Gruta historias vida resistencia Hay historias merecen ser contadas no sólo resultan dolorosas heroicas son testimonios vida cariño resistencia afirmó Martín López Brie dramaturgo director Nombres combate obra documental presenta partir hoy foro Gruta haber enfrentado dificultades propias pandemia,Cultura
Hermann Bellinghausen Stravinski vendedora discos segunda parte años 40 del siglo XX Ciudad México debió ser tranquila optimista promisoria cielo azul limpio sorprender nadie era normal siempre ciudad lagos finalmente derrotados futuro Allí hizo familia tantas venida menos parecida salían películas Soler Pedro Infante todo Joaquín Pardavé conformaban seis varones cuatro hembras tono época primeros eran debilidad madre derechos del hombre sagrados contaban alcohólico vividor perezoso odiaba ser mexicano menor edad único estudió carrera Ninguno tenía obligación aportar casa quiera pasaba dificultades financieras siempre estaban arrancados Tampoco mamá gustaba trabajo papá hacía mala gana no viendo hora iría caza escuchar ópera música clásica amigos Pronto comenzaría recibir pensión burócrata,Cultura
Murió Fredric Jameson crítico del capitalismo referente del marxismo EU Fredric Jameson ( 1934 ) crítico teórico catedrático literario estadunidense falleció este domingo 90 años informó editorial Verso Libros redes sociales,Cultura
López Obrador inaugura Veracruz Centro Cultural Leyes Reforma Veracruz Ver presidente Andrés Manuel López Obrador inauguró ayer puerto Veracruz Centro Cultural Leyes Reforma realizó recorrido recién rehabilitada Casa Benito Juárez espacios abrirán puertas visitantes partir noviembre busca generar reflexión leyes más importantes publicadas siglo XIX,Cultura
Inmuebles patrimoniales son testigos permanentes transición histórica Veracruz Ver recintos Casa Benito Juárez Centro Cultural Leyes Reforma Centro Histórico del puerto Veracruz inaugurados este fin semana gobierno federal estarán abiertos al público partir noviembre buscan promover conocimiento del periodo histórico Reforma importancia legado cívico sociedad actual,Cultura
"Afores ganan $ 8,359 mdp gestionar ahorro trabajadores ganancias obtuvieron Administradoras Fondos Retiro ( Afore ) primeros ocho meses 2024 cuidar recursos pensionarios millones mexicanos aumentaron 32 ciento manera anual cifras al cierre agosto pasado revelan datos oficiales",Economía
Enrique Galván Ochoa Dinero presidenta República tomará posesión próximo martes Claudia Sheinbaum Pardo asistió al congreso nacional Morena dijo no será partido Estado habrá distancia nadie pidiera abdicó al título jefa partido es jefa Gobierno jefa Estado comandanta suprema fuerzas armadas organización guinda enarbolará bandera 4T. Fue fundada presidente Andrés Manuel López Obrador Ha anunciado mil veces retirará quinta Palenque asegura llevará vida aislamiento política políticos Incluso no recibirá amigos Dos círculo más íntimo fueron elegidos dirigir formalmente al partido Luisa María Alcalde presidenta Andrés Andy López Beltrán secretario Organización Serán ojos voz,Economía
León Bendesky ejemplo escritor inglés H.G. Wells apuntó Historia supervivencia misma dependen carrera educación catástrofe idea es adecuada reflexionar cuestiones hoy son relevantes persistente violencia hay mundo incapacidad humanidad contener degradación del medio ambiente,Economía
Mejoraron condiciones económicas millones hogares mexicanos nueva política económica social puso marcha gobierno del presidente Andrés Manuel López Obrador concluye 30 septiembre generó mejores condiciones económicas millones hogares mexicanos hizo través programas transferencias grupos específicos población al elevar pensiones adultos mayores promover crecimiento real salarios principalmente coinciden especialistas,Economía
Concentra manufactura flujo inversión extranjera enero 2023 septiembre 2024 sector privado realizó 575 anuncios inversión México más 170 mil 644 millones dólares revelan datos actualizados Secretaría Economía ( ),Economía
Economía del país transita crisis & # 160,Economía
Alistan inauguración del Museo Vivo del Muralismo pocos días del final del gobierno del presidente Andrés Manuel López Obrador concluyeron obras restauración rehabilitación mantenimiento del Museo Vivo del Muralismo ( MVM ) prevé inaugurar semana edificio histórico Secretaría Educación Pública ( SEP ) reconocido patrimonio mundial Organización Naciones Unidas Educación Ciencia Cultura ( Unesco ),Economía
Denuncian competencia desleal ambulantes compraventa divisas centros cambiarios pequeños establecimientos comprar vender monedas equivalente 10 mil dólares enfrentan competencia desleal entidades ambulantes realizan misma actividad acuerdo asociación representa al sector,Economía
David Márquez Ayala Reporte económico múltiples logros administración ahora termina producción alimentos avance autosuficiencia no es desafortunadamente uno producción cuatro granos básicos alimentación mexicana ( maíz trigo frijol arroz ) ascendió 2023 31.9 millones toneladas apenas 1.0% producción 2018 ( Gráfico 1 ) productos periodo producción maíz aumentó 1% trigo 18.1 decrecieron frijol – 38.3% arroz 11.2%,Economía
Denuncian Visa monopolio Estados Unidos Departamento Justicia Estados Unidos busca denunciar empresa monopolio mercado tarjetas débito acuerdo reporte Blomberg,Economía
Empresas EU reactivarán anuncios inversión confían Sheinbaum detener anuncio importante inversión reforma judicial American Society of Mexico informó próximas fechas retomará cautela,Economía
endeudamiento mexicanos exterior representa 35% del PIB Banco México ( Banxico ) dio conocer segundo trimestre del año redujo endeudamiento del mundo 42% reportado primer trimestre,Economía
auditorías dan ingresos 3.5 billones pesos al SAT recursos 1.426 billones pesos obtuvieron auditorías grandes contribuyentes informa fisco,Economía
Economía mexicana crece 0.6% julio actividades primarias encabezaron crecimiento económico del país séptimo mes del año,Economía
jubilación digna complica cada vez más mexicanos quinta parte empleados país contempla jubilarse 66 años más mientras otro 86% admite ahorrar menos debería hacerlo actualidad,Economía
"plan sustituir importaciones Asia nearshoring torna difícil primeros siete meses del año importaciones México Asia alcanzaron 141,219 millones dólares China representa 51% del total",Economía
Netflix Prime Video Amazon lideran quejas del streaming agosto este año ambas empresas recibieron inconformidades parte usuarios cobros indebidos alteración precios aseguró Profeco Expansión través transparencia,Ciencia y Tecnología
¿ Qué son cómo funcionan nuevas categorías Canales WhatsApp ? nueva organización del directorio Canales WhatsApp pretende hacer más sencilla navegación usuarios,Ciencia y Tecnología
Intel nuevo objeto del deseo industria tech empresa pionera industria chips ha sido objeto nuevos rumores posible adquisición parte Qualcomm inversiones firmas capital,Ciencia y Tecnología
India país quiere ser potencia industria semiconductores Estados Unidos India anunciaron alianza construir planta chips este país algo gobierno Biden definió punto inflexión,Ciencia y Tecnología
AMLO busca convertir CFE Telecom empresa pública iniciativa reforma quiere CFE TEIT principal compañía proveer internet todo país respecto competidores cambiando estatus estatal pública,Ciencia y Tecnología
Erick Sánchez al quirófano nan,Deportes
Nadal vuelve competir liderar España final Copa Davis París leyenda del tenis Rafael Nadal junto número tres mundial Carlos Alcaraz liderará España Final 8 Copa Davis anunció equipo capitaneado David Ferrer torneo disputará del 19 al 24 noviembre Málaga,Deportes
Filis coronan Este Nacional terminan dominio Bravos Filadelfia Filis Filadelfia ganaron División Este Liga Nacional primera vez 2011 aseguraron ese título victoria 6-2 Cachorros Chicago Además terminaron racha Bravos Atlanta coronarse seis temporadas consecutivas división,Deportes
Salir del bache natación será imposible modelo actual Liliana Ibáñez Mientras sistema deportivo mexicano mantenga obsoleto lucha egos autoridades no detenga será imposible natación salga del bache encuentra hace décadas Liliana Ibáñez más experimentadas disciplina levantó voz profunda crisis prevalece país,Deportes
Bills vence Jaguares mantiene invicto Bills Búfalo fueron comandados brazo exacto Josh Allen mantuvieran prestigioso cuadro cuatro invictos NFL Ese combo lujo está integrado Acereros Jefes Vikingos todos conocer derrota tercera semana temporada,Deportes
Vendaval americanistas Águilas golean Rayadas 4-2 Monterrey tardó más 70 minutos meterse al partido finalmente despertó América goleaba tenía prácticamente triunfo bolsa 4-2 sentenció exhibición más desconcertante paupérrima Rayadas campaña abucheos afición más rostros desencajados cada jugadora terreno juego reflejaron diferencia existe respecto Águilas,Deportes
Hermanos Gutiérrez cumplieron sueño Paralímpicos París eran niños hermanos Raúl Juan José Jesús Gutiérrez disfrutaban jugar futbol pesar haber nacido talla baja hacían gala mejores pases calles Irapuato al tiempo soñaban representar México nivel internacional,Deportes
Del Toro finaliza lugar 12 Mundial Ciclismo pedalista mexicano Isaac del Toro ubicó lugar 12 prueba contrarreloj categoría Sub 23 del Mundial Ciclismo Ruta disputa Zurich,Deportes
UNAM celebró 60 años fundación del Archivo Histórico Universidad Nacional Autónoma México ( UNAM ) celebró ayer 60 aniversario fundación Archivo Histórico además inauguró exposición Archivo Histórico UNAM ayer hoy,Cultura
sexenio fueron repatriadas 14 mil 48 piezas destacan mañanera últimas conferencias mañaneras presidenciales funcionarios presentaron balance acciones recuperación memoria histórica preservación del patrimonio cultural destacó repatriación 14 mil 48 piezas extranjero,Cultura
Javier Aranda Luna Kundera novela desafío rebeldía 8 diciembre 1968 ese año recurrente historia del mundo cuatro amigos embarcaron expedición extraordinaria Praga,Cultura
Vilma Fuentes Entusiasmo melancolía Encuentros deportivos Juegos Olímpicos Copa Mundial futbol provocan amplios movimientos entusiasmo envidian políticos estrellas cine detenemos segundos observar aumento pasión suscitan medida desarrollan podríamos sentir curiosidad causas,Cultura
Raúl Pineda saca luz oscuridad del dolor tragedia atraviesan país Traer luz oscuridad es labor del artista Raúl Pineda don memoria fotográfica excesiva persistencia técnica antigua grabado mezzotinta retrata horror desencajado violencia México,Cultura
Galardona Inbal tres grandes artistas tejieron lienzo plástica mexicana ovaciones vítores escultora Geles Cabrera ( 1926 ) pintores Arturo Estrada ( 1925 ) Guillermo Monroy ( 1924 ) recibieron Medalla Bellas Artes Oro Artes Visuales 2023 2024 ceremonia histórica efectuada ayer sala Manuel M. Ponce del Palacio Bellas Artes encabezada Lucina Jiménez titular del Instituto Nacional Bellas Artes Literatura ( Inbal ),Cultura
Fotografiar es pretexto buscarme otros Graciela Iturbide Arropada larga ovación fotógrafa Graciela Iturbide recibió Medalla Bellas Artes Oro 2024 Artes Visuales otorga Instituto Nacional Bellas Artes Literatura ( Inbal ) icónicas imágenes conjugan documental poético forman parte esencial del acervo gráfico contemporáneo México,Cultura
Aterriza nave Soyuz misión récord EEI Moscú cápsula Soyuz transportaba dos cosmonautas rusosy astronauta estadunidense Estación Espacial Internacional aterrizó Kazajstán poniendo fin estadía récord pareja rusa,Ciencia y Tecnología
Científicos descubren coral es capaz retener microplásticos Madrid nueva técnica detección microplásticos descubrió tres partes anatomía del coral ( mucosidad superficial tejido esqueleto ) contienen clase desechos artificiales,Ciencia y Tecnología
Cotiza peso prácticamente cambios espera del recorte tasas del BdeM Ahora incógnita política monetaria México es recorte tasa referencia cuarto medio punto porcentual Banco México ( BdeM ) despejará jueves Mientras tanto peso mexicano operó ayer cautela,Economía
No hay inconstitucionalidad cobro del SAT empresas Salinas Pliego AMLO resolución dos expedientes presunta evasión fiscal empresas Ricardo Salinas Pliego monto 35 mil millones pesos presidente Andrés Manuel López Obrador consideró Suprema Corte Justicia Nación no puede involucrarse fondo del litigio toda vez instancia correspondiente confirmó existe adeudo fiscal firmas Servicio Administración Tributaria no hay ninguna posible interpretación inconstitucionalidad,Economía
AMLO mejoras raquíticas pensiones gestiones pasadas sexenio del presidente Andrés Manuel López Obrador pensiones llamada Generación Afore pasaron apenas 30 ciento del último salario del trabajador promedio mayor 70 ciento producto serie reformas legislativas pusieron al centro al asalariado situación no había sucedido otras administraciones,Economía
Recauda SAT seis años 3.5 billones pesos sexenio está concluir Servicio Administración Tributaria ( SAT ) recaudó 3.5 billones pesos auditorías promoción cumplimiento representó 2.3 billones pesos más sexenio anterior crecimiento real 120.2 ciento agosto este año,Economía
Miguel Pineda Negocios empresas diferencia regularmente piensa no es producción marca desarrollo demanda creciente bienes servicios ello sociedad no consume tiende quedarse estancada,Economía
estanca producción granos sexenio producción granos oleaginosas México ha incrementado 37 ciento entrada vigor del Tratado Libre Comercio América del Norte ( TLCAN ) actualmente Tratado México Estados Unidos Canadá ( T-MEC ) fecha embargo este sexenio crecimiento ha estancado revelan datos oficiales,Economía
Repuntó julio economía Inegi economía mexicana creció más esperado julio debido al incremento ‘ inusual ’ sectores agrícola ganadero pesca reveló Instituto Nacional Estadística Geografía ( Inegi ),Economía
servicio salud 50.4 millones mexicanos afirma Coneval México 50.4 millones personas carecen acceso servicios salud representa 39.1 ciento población destacó Alida Marcela Gutiérrez Landeros coordinadora general análisis pobreza del Consejo Nacional Evaluación Política Desarrollo Social ( Coneval ),Economía
SICT entrega 549 obras carreteras programa carretero echó andar administración del presidente Andrés Manuel López Obrador benefició 55 millones habitantes forma directa Además 549 obras realizadas representan 227 mil 464 millones pesos son casi uno ciento del producto interno bruto ( PIB ) informó Jorge Nuño Lara titular Secretaría Infraestructura Comunicaciones Transportes ( SICT ),Economía
Acierto del SAT auditorías grandes causantes analistas Fiscalizar primero grandes contribuyentes ahí hacerlo resto causantes fue estrategias más exitosas del Servicio Administración Tributaria ( SAT ) evitar ingresos sustentan erario cayeran administración,Economía
Mexicanos gastan 12% más bebidas energéticas Datos Kantar muestran últimos años ha aumentado tanto número litros comprados precio este tipo bebidas,Economía
Trump amaga arancel 100% autos entren frontera México candidato presidencial dijo única manera libren cuota es quieren construir planta Estados Unidos,Economía
Cetes dos años reducen rendimientos dígito anticipa recorte Banxico Todos plazos Cetes redujeron ganancias plazo dos años ofrece tasa más baja 9.92% espera Banxico haga nuevo recorte,Economía
Openbank lanza lista espera clientes mexicanos Openbank México abre sitio web lista espera usuarios quieran acceder oferta este nuevo banco digital,Economía
"Banco Mundial logra récord 56,000 mdd inversiones CFI ejercicio financiero finalizará julio 2025 Banco Mundial buscará centrar esfuerzos infraestructura particularmente carreteras transporte",Economía
China presenta medidas relajación monetaria reactivar economía Banco Popular China recortará tipo interés operaciones dobles siete días 0.2 puntos porcentuales 1.5%,Economía
Inflación sigue baja primera mitad septiembre ubicó 4.66% índice subyacente terminó primera quincena septiembre 3.95% no subyacente 6.73% acuerdo datos publicados Inegi,Economía
Fomentar vivienda interés social eliminar corrupción retos del Infonavit Analistas señalan instituto tiene pendientes materia avanzar digitalización agilización trámites mejorar rendimientos subcuenta vivienda,Economía
IFT prevé publicar nuevas medidas regulatorias América Móvil noviembre regulador tiene obligación revisar cada dos años medidas regulatorias compañía controlada Carlos Slim verificar han generado competencia telecomunicaciones,Ciencia y Tecnología
"IFT pedirá 1,680 mdp presupuesto pese reforma eliminar autónomos regulador aseguró partida solicitará Hacienda es misma fue aprobada este año incluso más baja toma cuenta inflación",Ciencia y Tecnología
Meta sumará voces John Cena chatbot nueva función audio ofrecerá usuarios opción seleccionar voz asistente digital,Ciencia y Tecnología
"Microsoft confía México invertirá 1,300 mdd ampliar alcance IA CEO compañía Satya Nadella destacó este capital será mejorar capacidades nube IA región",Ciencia y Tecnología
Guía elegir mejor antivirus celular ataques teléfonos inteligentes cada vez son más comunes aquí decimos qué debes tener cuenta hora elegir mejor protección,Ciencia y Tecnología
"IA ayuda industrias ahorrar 35,000 dólares hora través diferentes sensores softwares IA empresas Tractian han logrado rastrear sonidos máquinas interpretarlas posibles fallas técnicas",Ciencia y Tecnología
Chaquito estará tres meses nan,Deportes
Bravos vencen Mets acercan al comodín Atlanta Bravos Atlanta hicieron tarea lucha alcanzar boleto comodín postemporada Grandes Ligas Al ganar 5-1 Mets Nueva York quedan victoria conseguir meta,Deportes
Aseguran Guardianes descanso postemporada al vencer 6-1 Rojos Cleveland Guardianes Cleveland campeones División Central Liga Americana aseguraron descanso primera ronda playoffs al vencer 6-1 Rojos Cincinnati Lane Thomas pegó jonrón dos anotaciones empujó tres carreras mientras Josh Naylor sumó par remolcadas,Deportes
Es demasiado tarde mí Favre mítico ex NFL padece Parkinson 1991 vida Brett Favre cambió siempre Pocos meses después ser elegido Atlan-ta Draft NFL entrena-doren jefe Green Bay Mike Holmgren ofreció selección primera ronda cambio jugara equipo Halcones vieron obligados aceptar anuncio del acuerdo al año siguiente mariscal construyó carrera notable periodos más menos difíciles dedicándose al mismo deporte practicó niño Fue nombrado tres veces MVP ganó Supertazón 1997 ser ingresado al Salón Fama confesó acto públi-co estuvo tres veces cen-tros especiales rehabilitación adicción al consumo analgésicos alcohol,Deportes
Real Madrid saca apurada victoria Alavés Madrid Real Madrid es luz noche ofrecer sábado versión más contundente visita del Español al Santiago Bernabéu equipo blanco reveló costado más vulnerable apurada victoria 3-2 Alavés cumplió año derrota Liga España,Deportes
Ten Hag une críticas saturación partidos Londres técnico neerlandés del Manchester United Erik ten Hag criticó sobrecarga partidos considera casi inevitables lesiones graves sufren futbolistas ocurrió pasado fin semana arquero alemán Marc-André Ter Stegen ( Barcelona ) mediocampista español Rodri ( Manchester City ),Deportes
voy conciencia tranquila arrepentimientos Ana Guevara Convencida cumplió deber pesar críticas afrontó llegada al cargo 2018 Ana Guevara aseguró ayer dejará dirección Comisión Nacional Cultura Física Deporte ( Conade ) arrepentimientos conciencia tranquila segura no gozó sobreprotección administración,Deportes
Regresa vivo Met Nueva York al Auditorio Nacional ocho títulos temporada 2024-2025 del programa vivo Met Nueva York transmitirá del 5 octubre al 31 mayo pantalla gigante del Auditorio Nacional siguen fiel misión del Metropolitan Opera House presentar óperas más famosas populares mejores elencos posibles ofrecer producciones nuevas sólo avanzará forma arte expresó Peter Gelb gerente general del Met,Cultura
Entregan Tolita María Figueroa Medalla Oro Bellas Artes 2023 teatro hermanas Tolita María Figueroa fueron distinguidas este martes Medalla Oro Bellas Artes 2023 disciplina teatro Este reconocimiento celebra destacada trayectoria prolífica obra ámbito del vestuario escenografía campos han dejado huella imborrable más tres décadas,Cultura
Emilio Payán Litógrafa Popular artista grabador Joel Rendón ( 1967 ) impresor Fernando Riquelme ( 1990 ) fundaron hace dos meses Litógrafa Popular taller reunión diálogo intercambio experiencias conservar tradición técnica México proyecto rinde homenaje madre tierra al considerar piedra litográfica matriz creadora estrecha conexión tierra vida Litógrafa Popular surgió objetivo conservar estética estampa gráfica popular cargada identidad sentido social,Cultura
Dialoga Dalí Divina Comedia Cáceres Fundación Mercedes Calles Carlos Ballestero ( FMCCB ) presenta nueva exposición sede Plaza San Jorge Cáceres titulada Dalí Divina Comedia compuesta centenar grabados propia colección genio surrealista plasmó interpretación Divina Comedia Dante Alighieri,Cultura
feminismo devolvió dignidad existencia arte también Sofía Weidner No prometo salgan alegres mente tranquila exposición No quise generar arte causara comodidad confesó Sofía Weidner inauguración Musas negras Museo Ciudad México Emociones tristes dolorosas furiosas están plasmadas obras hoy trascienden al ser vistas público significan cobijo abandono soledad sueño cumplido feminismo devolvió dignidad existencia arte también declaró creadora,Cultura
Ricardo Yáñez Isocronías Siete escritoras ha reunido Minerva Aguilar Temoltzin autora Vuelo letras libro nacido recital homónimo ofrecido escritoras tlaxcaltecas organizado Asociación Escritores México Al decir Obed González director Literatura Feria Internacional del Libro Coyoacán – auspiciadora del volumen ánimo representativo considera lírica tales voces femeninas – éste es posible palpar somos lenguaje somos flexibles constante transformación Vayamos sucintamente poetas – nacidas años 50 80 –,Cultura
Muñeca Lele otomí representa principal fuente empleo Santiago Metztititlán Pachuca Hgo Artesanas indígenas otomíes Santiago Metztititlán municipio Amealco Bonfil estado Querétaro generaciones han elaborado tradicional muñeca Lele nació deseo niñas localidad jugar ser mamás,Cultura
Periodista evoca eterna noche 43 ¿ 43 normalistas Ayotzinapa están vivos muertos ? pregunta planteada angustia periodista Miguel Ángel Juárez Franco desencadenó intenso conmovedor debate ayer presentación novela eterna noche 43 publicada editorial Almuzara,Cultura
resultados del tercer censo del jaguar México son alentadores primeros resultados del tercer censo México del jaguar son alentadores puesto mayoría 24 sitios analizados 19 estados del país población del felino más grande América mantiene ha incrementado mayoría sitios hay más jaguares destacó Gerardo Ceballos González líder Alianza Nacional Conservación del Jaguar,Ciencia y Tecnología
Descubren inteligencia artificial más geoglifos Nazca nan,Ciencia y Tecnología
menopausia puede ocasionar problemas dentales dicen especialistas sofocos sudoraciones nocturnas son síntomas más infames menopausia es posible también desee prestar atención dientes encías,Ciencia y Tecnología
primera vez 2 años tasa Cetes baja 10% Después casi dos años ofrecer rendimientos anuales doble dígito tasa interés Certificados Tesorería Federación ( Cetes ) ha caído debajo 10 ciento analistas indica mercados anticipan Banco México ( BdeM ) reducirá tasa referencia próximo jueves línea Reserva Federal Estados Unidos,Economía
sexenio AMLO banca ganó más billón pesos largo del sexenio del presidente Andrés Manuel López Obrador conjunto bancos privados operan país han ganando poco más billón pesos resultado histórico coloca este sector uno mejor fue gobierno Cuarta Transformación afirman especialistas,Economía
Expertos mayor desastre ecológico Riviera Maya mina Sac-Tun antes conocida Calica propiedad Vulcan Materials es mayor desastre ecológico Riviera Maya más tres décadas extrajo material exportar barco Estados Unidos acuerdo especialistas gobierno mexicano,Economía
Reservas internacionales alcanzan marca histórica reservas internacionales cerraron semana concluyó 20 septiembre saldo 226 mil 465 millones dólares incremento 356 millones dólares relación semana precedente reveló Banco México ( BdeM ),Economía
Proyecto del ministro Pérez Dayán impedirá UIF bloquear cuentas bancarias lavado ministro Alberto Pérez Dayán propondrá endurecimiento requisitos Unidad Inteligencia Financiera ( UIF ) pueda asegurar cuentas bancarias titulares son sospechosos operaciones lavado dinero,Economía
Desacelera inflación anual cuarta quincena consecutiva inflación general primera quincena septiembre México desaceleró 4.66 ciento anual menor nivel segunda quincena mayo 2024 revelaron cifras del Instituto Nacional Estadística Geografía ( Inegi ),Economía
Microsoft invertirá mil 300 mdd México infraestructura IA nan,Economía
Ocupa México séptimo lugar adopción inteligencia artificial México es uno países adoptantes inteligencia artificial ( IA ) índice 46.85 puntos coloca séptima posición 19 encuentran incorporando tecnología informó Comisión Económica América Latina Caribe ( Cepal ),Economía
México expropia minera Calica empresa estadunidense impugnará firma estadunidense Vulcan Materials anunció va impugnar legalmente decisión del gobierno mexicano anunciada lunes noche expropiar terrenos mina Calica Quintana Roo,Economía
Enrique Dussel Peters * China ¿ desarrollo través política industrial ? Enfatizamos colaboración del 11 septiembre este año profunda competencia Estados Unidos China liderazgo tecnológico global hubiera sido impensable todavía hace dos décadas principios del siglo XXI lema China barata,Economía
Pekín recorta tasas estimular economía Pekín Banco Central China anunció ayer nuevas medidas impulsar economía recorte diferentes tasas interés incluida referencia hipotecaria reducción del depósito bancos deben mantener reserva,Economía
Es poco probable México pierda grado inversión Moody's agencia señala mayor déficit fiscal absorber deuda Pemex crecimiento sí pueden impactar calidad crediticia,Economía
Revolut planea operar primeros meses 2025 Juan Guerra director general firma dijo espera arrancar operaciones siguiente año cuenta débito nivel 4 transferencias internacionales,Economía
"Pemex requerirá 50,200 mdd tres primeros años Sheinbaum prevé Moody's apoyo del gobierno calificación real Pemex sería Ca es decir 80% incumplimiento compromisos financieros",Economía
Condusef alerta suplantación identidad 24 financieras Veinticuatro instituciones debidamente constituidas han reportado suplantación identidad cometer fraudes usuarios,Economía
¿ Abren bancos 1 octubre ? dice calendario CNBV 1 octubre Claudia Sheinbaum toma posesión primera presidenta México implica suceso trascendencia nacional mayoría empleados descansará,Economía
Mercado Pago hace oficial presentó solicitud ser banco digital cuenta digital busca aprobación licencia bancaria Comisión Nacional Bancaria Valores ofrecer servicios banca múltiple,Economía
Banxico sólo tiene espacio hacer recorte 25 puntos analistas consideran banco central debe tener cautela al bajar tasas periodos volatilidad descartan hagan recorte 50 puntos hizo Reserva Federal,Economía
OCDE ajusta baja previsión del PIB México acuerdo organismo economía mexicana crecerá 1.4% este año 0.8% menos previsión anterior,Economía
BBVA mantiene confianza México transición presidencial país sigue siendo atractivo largo plazo gracias estructura costos apalancamiento comparación Estados Unidos dijo Onur Genç consejero delegado BBVA,Economía
China recorta otra tasa interés impulsar economía interés préstamos año concedidos instituciones financieras redujo del 2.3 al 2% informó banco central,Economía
austeridad selectiva predominó gobierno AMLO Más recortes gastos onerosos generar ahorros gasto público llegó niveles récord obedeciendo prioridades obligaciones del gobierno cargo Andrés Manuel López Obrador,Economía
son juegos gratis PlayStation Plus octubre 2024 Sony presentó catálogo videojuegos llegarán suscripción partir cuándo estarán disponibles,Ciencia y Tecnología
"Caso FTX rol Caroline Ellison fraude pasará 2 años presa exdirectora Alameda Research fondo cobertura personal Bankman-Fried también deberá pagar multa 11,000 mdd",Ciencia y Tecnología
Altán Redes confía gobierno Sheinbaum robustecerá conectividad Carlos Lerma CEO Altán dice estar positivo vendrá próximos años conectividad debido provisión internet será uno ejes principales Claudia Sheinbaum,Ciencia y Tecnología
Mira Murati CTO OpenAI deja empresa 2024 ha sido año complicado startup Inteligencia Artificial varios ejecutivos fundadores han renunciado,Ciencia y Tecnología
Telmex suspende Sebog servicio resguardo información impagos Triara división Centros Datos Telmex suspendió servicios resguardo información Gobernación impago 63.7 millones pesos,Ciencia y Tecnología
Meta presenta Quest 3S versión económica visor realidad mixta Meta calificó este dispositivo proveedor experiencias increíbles precio inigualable,Ciencia y Tecnología
Google demanda Microsoft supuesto monopolio nube denuncia fue presentada Comisión Europea anunció propio Google,Ciencia y Tecnología
YouTube lanza nueva herramienta ayudarte emergencia médica través división Health plataforma videos colaboró instituciones certificadas Cruz Roja dar información situaciones urgencia,Ciencia y Tecnología
Samsung abre puertas conviven humanos brazos mecánicos comenzó planta producción refrigeradores hoy es uno centros más importantes Samsung mundo,Ciencia y Tecnología
déficit fiscal México crece 54% agosto supera billón pesos Secretaría Hacienda Crédito Público destacó Requerimientos Financieros del Sector Público sumaron 1.109 billones pesos,Economía
Gasolinas diésel van primer mes subsidios Brindar menores estímulos ha permitido recaudar mayores ingresos secretaría Hacienda enero agosto este año ha recaudado 82% más dinero IEPS combustibles,Economía
Inversiones México mantendrán pese débil Estado Derecho UBS banco inversión dijo México mantendrá inversiones aprovechar potencial ofrece nearshoring,Economía
Yorio dejará cargo subsecretario Hacienda adelanta Bloomberg News funcionario dejará puesto ocupa Secretaría Hacienda Crédito Púbico 2019 dependencia indicó Expansión no tiene información al respecto,Economía
gasto consumidores EU aumenta agosto inflación desacelera gasto consumidores sigue apoyándose ganancias salariales aún sólidas pesar mercado laboral ha ralentizado considerablemente,Economía
"México registra déficit comercial 4,868 mdd agosto exportaciones mexicanos cayeron 1% importaciones crecieron 5.7% acuerdo Inegi",Economía
Banxico mantendrá prudencia cerrará año tasa 10% analistas consideran mensaje del banco central es más laxo decisión agosto esperan haya dos recortes más 25 puntos base,Economía
Banxico ejecuta nuevo recorte tasa 10.5% banco central hizo segundo recorte consecutivo tasa referencia contexto menor inflación,Economía
Janet Yellen opone reducir requisitos capital bancos secretaria del Tesoro Estados Unidos pidió seguir trabajando sistema financiero resistente tiempos turbulencias,Economía
Claudia Sheinbaum recibe economía tocada incertidumbre paquete 20 reformas presentó AMLO febrero este año amenaza limitar crecimiento potencial México,Economía
"Búsqueda segundo empleo dispara varias entidades Morelos encabeza México dentro población subocupada 328,971 personas están condición búsqueda trabajo adicional indican cifras del Inegi del segundo trimestre 2024",Economía
WhatsApp dejará funcionar celulares partir febrero 2025 app mensajería actualiza año año ello implica algunos dispositivos quedan obsoletos funcionamiento,Ciencia y Tecnología
mercado tabletas busca conquistar diseñadores creativos melómanos Lenovo Huawei presentaron nuevas tabletas mercado mexicano coincidencia apuestan conquistar creativos,Ciencia y Tecnología
desarrollo tecnológico requiere colaboración gubernamental Google Royal Hansen vicepresidente ingeniería Google reveló compañía ha sostenido reuniones equipo transición Sheinbaum impulsar digitalización del país,Ciencia y Tecnología
China avanza regulación identificar contenido hecho IA país asiático están buscando implementar medidas más duras obligatorias identificar contenido generado través Inteligencia Artificial,Ciencia y Tecnología
medio crisis industria del gaming busca nuevo modelo negocio despidos han marcado año videojuegos especialistas apuntan es nueva oportunidad diversificar contenido creadores independientes,Ciencia y Tecnología
Oracle construirá centro hyperscale Nuevo León ¿ Qué es cómo funcionará ? Samuel García gobernador del estado resaltó proyecto estará enfocado ayudar empresas entidad eficientizar procesos informáticos,Ciencia y Tecnología
OpenAI planea reestructuración ser empresa fines lucro Este cambio representaría oportunidad startup conseguir mayor financiación mantener desarrollo productos,Ciencia y Tecnología
Meta empareja OpenAI Google carrera IA evento Meta Connect Mark Zuckerberg presentó innovaciones sector presentará usuarios próximos meses,Ciencia y Tecnología
"inconformidad justicia mexicana acreedores TV Azteca inician proceso Secretaría Economía informó disputa internacional México impago bonos TV Azteca acumula costo 150,000 dólares concepto honorarios CIADI",Ciencia y Tecnología
identidad digital industria financiera defensa arma biometría criptografía reducen riesgo suplantación identidad también abre nuevos riesgos no hace adecuadamente,Ciencia y Tecnología
Lucía García rescata Rayadas jugadoras mayor jerarquía internacional española Lucía García rescató al campeón Monterrey conseguir agónico empate 1-1 León estadio Nou Camp Rayadas han sufrido torneo Clausura 2024 Liga Mx Femenil desplazaron al América del tercer puesto 26 unidades después 12 jornadas al tiempo Esmeraldas tienen 12 puntos,Deportes
Título Copa Campeones motiva al América duelo Pumas Dávila reciente obtención del título Copa Campeones es factor motiva al América cara al clásico capitalino este domingo Pumas aseguró delantero Víctor Dávila además indicó más allá tratar derrotar uno acérrimos rivales equi-po buscará toda costa triun-fo ubicarse zona liguilla,Deportes
Liga Mexicana Beisbol elige Trevor Bauer pitcher del año Trevor Bauer es coleccionista galardones lanzador Diablos Rojos del México campeón juegos ganados ponches pasada temporada fue elegido pitcher del año Liga Mexicana Beisbol ( LMB ),Deportes
Finaliza temporada Rodri Manchester Rodri mediocampista del Manchester City perderá resto temporada someterse ayer cirugía ligamento anterior cruzado,Deportes
Del Toro finaliza sexto prueba ruta del Mundial juvenil Isaac del Toro cada vez acerca más perfección seguir acrecentando legado Ahora mexicano culminó sexto lugar prueba ruta Sub-23 del Mundial Ciclismo Zúrich Suiza después extraordinaria actuación sólo erró al bajar ritmo tramo final Aún quedó cerca medalla impuso mejor tiempo tricolor carrera.&#160,Deportes
Tigres rescata empate dos León es sublíder polémicas decisiones arbitrales Tigres rescató empate 2-2 León gol último minuto del argentino Juan Brunetta universitarios valieron del criterio del silbante Daniel Quintero Huitrón invalidó dos tantos esmeraldas inclinó balanza favor igualar encuentro,Deportes
México busca ser máximo exponente Homeless Cup largo viaje Corea del Sur selecciones mexica-nas futbol calle cumplieron objetivo estar final Homeless World Cup están pasó convertirse máximos exponentes este torneo,Deportes
UEFA sanciona al Barça pancarta expresión nazi Madrid Órgano Control Ética Disciplina ( CEDB siglas inglés ) UEFA sancionó al Barcelona 11 mil 162 dólares al resolver afición tuvo conducta racista partido Champions AS Mónaco pasado 17 abril Stade Louis II,Deportes
Retrasos del ferrocarril México-EU afectan suministro agrícola Chicago retrasos transporte ferroviario están perturbando comercio exportación Estados Unidos México obstaculizando cadenas suministro agrícola plena cosecha otoño boreal denunciaron ayer organizaciones agrarias,Economía
Pemex envía combustible Refinería Olmeca India Petróleos Mexicanos ( Pemex ) envió este mes primer cargamento combustible nueva refinería Olmeca India señal progreso después múltiples retrasos costos espiral datos embarque fuentes industria,Economía
Déficit finanzas públicas es menor previsto SHCP primeros ocho meses del año balance presupuestario observó déficit 897 mil 874 millones pesos monto fue menor respecto programado mientras deuda mantuvo nivel sostenible dijo Secretaría Hacienda Crédito Público ( SHCP ),Economía
Volkswagen negocia sindicatos Después del explosivo anuncio Volkswagen podría cerrar fábricas Alemania primera vez dirección empresa sindicatos iniciarán tensas conversaciones nuevo acuerdo salarial empresa ha subrayado repetidamente costes son excesivos márgenes beneficio demasiado bajos especialmente marca principal,Economía
BMV gana 1.1% semana peso pierde 28 centavos peso revirtió ganancias iniciales día después del impulso registrado anuncio del Banco México recortó tasa interés,Economía
Confirma Sheinbaum salida Gabriel Yorio Subsecretaría Hacienda subsecretario Hacienda Gabriel Yorio González no repetirá cargo próximo sexenio confirmó próxima titular del Ejecutivo federal,Economía
desempleo Alemania aumenta más previsto Berlín número desempleados Alemania aumentó más previsto septiembre nueva señal retos enfrenta mayor economía Europa,Economía
Gustavo Gordillo / III Justicia anillos poder haya mayorías tiene haber minorías Son minorías existencia política constituyen régimen mayorías,Economía
Desequilibrio balanza comercial acumuló 10 mil 438 mdd agosto balanza comercial del país observó agosto 2024 déficit 4 mil 868 millones dólares dinamismo explicó retroceso uno ciento exportaciones frente igual periodo del año anterior informó Instituto Nacional Estadística Geografía ( Inegi ),Economía
Misión cumplida Misión cumplida dijo artista Gabriel Orozco al cerrar ciclo casi seis años coordinador del proyecto Chapultepec Naturaleza Cultura 24 septiembre presidente Andrés Manuel López Obrador inauguró cuarta sección última faltaba concluir ese bosque urbano,Cultura
Pablo Espinosa creaturas habitan Bellas Artes luz distintas horas devora,Cultura
Miguel Díaz Reynoso * Cuadernos Habana Encuentro cuadernos varias referencias al asalto al Cuartel Moncada Quizá deba empezar preparativos cómo decidió llevarlo cabo ese 26 julio,Cultura
Chapultepec está listo atender presente enfrentar futuro Orozco Bosque Chapultepec está listo atender presente encarar futuro aseguró Jornada artista veracruzano Gabriel Orozco concluyó labor coordinador del proyecto Chapultepec Naturaleza Cultura cuarta sección remodelada inauguró hace días,Cultura
conclusión del proyecto Naturaleza Cultura es prioridad del gobierno entrante proyecto Chapultepec Naturaleza Cultura no ha dado concluido mantendrá prioritario próximo gobierno federal afirmó subsecretaria Desarrollo Cultural Secretaría Cultura federal ( SC ) Marina Núñez Bespalova,Cultura
choque América Pumas primer reto seguridad estadio Ciudad Deportes partido América Pumas considerado uno mayor riesgo será primer reto operativo seguridad estadio Ciudad Deportes más longevo ciudad Águilas mudaron manera temporal este recinto remodelaciones del Azteca Todavía hay incertidumbre respecto del ambiente diferencia otras ediciones ayer aún quedaba poco menos mitad boletos duelo,Deportes
Yanquis clasificados playoffs caen 9-4 Pittsburgh Nueva York Yanquis clasificados postemporada Grandes Ligas cayeron ayer 9-4 Piratas Pittsburgh pegaron cinco jonrones incluyendo cuatro frente al novato dominicano Luis Gil este resultado retrasó equipo Nueva York consiguiera ventaja casa playoffs Liga Americana,Deportes
Cruz Azul líder arrollador remonta impone Pachuca Hidalgo líder Cruz Azul apareció tarde estadio Hidalgo más 40 minutos jugó equipo errático irreconocible fue abajo dos goles marcador vez funcionó plan partido mismo grado dificultad siempre expulsión incluida Sergio Damián Barreto fuerte entrada Luis Romo Máquina vino atrás ganar 4-2 mantenerse cima Liga Mx,Deportes
Sinner decepcionado apelación AMA Roma tenista número uno del mundo Jannik Sinner dijo estar muy decepcionado sorprendido después Agencia Mundial Antidopaje ( AMA ) decidió impugnar decisión Agencia Integridad del Tenis Internacional determinó no hubo culpabilidad dos positivos dopaje,Deportes
Dodgers Yanquis primeros sembrados Ángeles Dodgers Ángeles Yanquis Nueva York aseguraron este sábado ser primeros sembrados playoffs mientras dominicano José Ramírez Guardianes Cleveland colocó jonrón ingresar selecto club del 40-40,Deportes
Cede lluvia arranca primer partido miniliga del Pacífico lluvia cedió horas fin salió Sol señal sagrada fanáticos del beisbol aguardaron par días tormentosos pudie-ra empezar minitorneo Liga Mexicana del Pacífico estadio Fray Nano Ciudad México todo movió prisa ganarle partida al mal tiempo al fin arrancó primer juego Cañeros Mochis derrotaron 4-0 Sultanes Monterrey resto partidos aún dependerán condiciones climáticas,Deportes
Guadalajara deja escapar valioso triunfo iguala 1-1 Monterrey partido mucha intensidad polémica arbitral incluida Chivas dejó escapar importante triunfo empatar 1-1 Monterrey duelo jornada 10 del torneo Apertura 2024 disputado ayer estadio Akron,Deportes
México ratifica hegemonía Homeless Cup Corea del Sur México ratificó hegemonía Homeless World Cup llevada cabo Seúl Corea del Sur consagró máximo ganador este torneo selección varonil ganó 6-5 Inglaterra último momento evitar penales obtuvieron quinto título mientras equipo femenil consiguió novena corona vencer Rumania 5-2 día ayer,Deportes
Raúl Jiménez entra al selecto club tricolores 100 goles Europa Hay casualidades casi increíbles futbol resto vida es parte historia Raúl Jímenez manera coincidente marcó primer tanto número 100 canchas Europa diferencia 10 años día convirtió tercer tricolor llegar al centenar goles torneos del viejo continente,Deportes
Venta gasolinas Pemex aumentó 2.8% volumen ventas gasolinas Petróleos Mexicanos ( Pemex ) agosto promedió 687 mil barriles diarios dato mostró avance 2.8 ciento frente igual periodo del año pasado revelan estadísticas empresa estatal,Economía
Sufre rechazo Alemania reservas Italia posible fusión UniCredit Commerzbank Milán jefe del banco italiano UniCredit Andrea Orcel participó viernes reunión virtual representantes del alemán Commerzbank convertirse mayor inversor privado del prestamista alemán informó Reuters fuente conocedora del asunto,Economía
José Antonio Rojas Nieto economía Estados Unidos cuarta apreciadísima doctora Edith Klimovsky Barón profesora distinguida UAM Azcapotzalco presentó reciente congreso Economía Matemática Tlaxcala ponencia plantea – Edith dixit – ejes determinan muestran relación salarios beneficios Relación fundamental Clásicos evidente Marx duda – pesar todo – Neoclásicos,Economía
Aumentó ingreso divisas turísticas elevar llegada viajeros es gran reto Uno indicadores marcan potencialidad turística nación es captación divisas viajeros internacionales afirma Miguel Torruco titular Secretara Turismo ( Sectur ) Medido forma largo este sexenio país ha incrementado presencia nivel mundial muestran datos oficiales,Economía
Lactalis reduce casi 10% adquisición leche Francia grupo Lactalis líder mundial del sector lácteo anunció reducirá finales año volúmenes leche recogidos granjas francesas destinados mercados internacionales centrarse productos vendidos Francia,Economía
Compras maíz Estados Unidos incrementaron 23% sexenio contexto producción granos básicos ha estancado administración del presidente Andrés Manuel López Obrador terminará incremento aproximadamente 23 ciento volumen importaciones maíz Estados Unidos,Economía
Ciudades todo globo viven burbuja inmobiliaria estudio Miami Tokio Zúrich encabezan lista ciudades mayor riesgo burbuja inmobiliaria nivel mundial debido elevada amenaza mercados vivienda reveló UBS Global Real Estate Bubble Index 2024,Economía
Tequila mira China Qionglai Chengdú medio montañas albergan uno sitios más grandes observación luciérnagas Asia está creciendo atractivo mexicano parte comercialización destilados Qionglai – condado 2 mil 300 años historia remiten antigua Ruta Seda – busca incluir al tequila proyecto erigir meca bebidas espirituosas incluso importar jugo agave producción local,Economía
CASA celebra talleres creativos tamales Día Nacional del Maíz Nativo Oaxaca Oax celebrar Día Nacional del Maíz Nativo conmemora hoy Asociación Civil Francisco Toledo realiza colaboración Fundación Alfredo Harp Helú Oaxaca ( Fahho ) actividades espacios fundados artista juchiteco ( 1940-2019 ) luchó defensa del grano escala estatal nacional,Cultura
Elena Poniatowska Miguel Ángel Salazar González Diablo Paula Haro hija hizo muy amiga Diablo venía buscarla Chimalistac después limpiar varios parabrisas Insurgentes Miguel Ángel Quevedo Flaquito huesudo sonriente pelo negro cortina ojos Diablo llegaba desayunar comer merendar No rechazaba ofrecimiento regaderazo agua caliente Después casi 20 minutos agua aparecía misma ropa sonrisa resplandecía,Cultura
Redescubren opiniones Rosario Castellanos política feminismo textos periodísticos Rosario Castellanos ( 1925-1974 ) compilados libro Mujer palabras artículos rescatados muestran desarrollo voz forma gana confianza escritora incluyen ensayos expresa manera fuerte opiniones política feminismo explicó editora Andrea H. Reyes reunió escritos poeta diplomática,Cultura
Yuriria Iturriaga No sólo pan ... sorprende misma categoría son ajenas mayoría personas han rodeado toda vida varios decenios sorpresa no es sólo sentir diferenciamos compatriotas mexicanos todo caso repentina nostalgia paladar olfato tacto intrabucal del infinito mundo del pan pasteles casualidad pertenecen al mundo trigos es decir del gluten ataca orientales mesoamericanos vieja cepa no note …,Cultura
Espartaco Martínez traslada libro obra Sutra del corazón bailarín coreógrafo butoh Espartaco Martínez ha interpretado diversas ocasiones obra Sutra del corazón experiencia sensorial torno condición humana necesidad liberación emocional presentará hoy libro vestíbulo Casa Miguel Alemán del Complejo Cultural Pinos Chapultepec enseñanza relacionada volver al origen vida,Cultura
David Rothenberg reveló universo sonoro estanques del Jardín Botánico música no es prodigio exclusivo del ser humano compositor estadunidense David Rothenberg ha enfocado parte quehacer académico investigar musicalidad animales entornos naturales,Cultura
Baltimore arrebata invicto Búfalo apabulla 35-10 Lamar Jackson Derrick Henry forman dupla ofensiva difícil contener NFL explosiva mancuerna ataque Cuervos Baltimore impusieron 35-10 Bills Búfalo arrebataron invicto jornada cuatro temporada,Deportes
Orgullo azul oro Pumas vence al América clásico capitalino futbol hay aficiones transmiten padres hijos cientos asistieron ayer al estadio Ciudad Deportes camiseta Pumas resume momentos más felices hace más 13 años no ganan título Liga universitarios hicieron del clásico capitalino América fiesta colectiva familias amigos personas todas edades camiseta auriazul celebraron victoria 1-0 gol del peruano Piero Quispe,Deportes
ex escarlata Sepúlveda disfruta ser sultán Carlos Sepúlveda apenas tuvo tiempo celebrar campeonato Liga Mexicana Beisbol Diablos Rojos después década espera inmediato tuvo reportarse equipo fue rival Serie del Rey Sultanes Monterrey jugará temporada invernal Liga del Pacífico,Deportes
Nápoles vuelve ser líder Serie Roma Nápoles consiguió liderato Serie Italia primera vez título logrado 2023 al derrotar 2-0 al Monza ayer partido sexta jornada Matteo Politano abrió marcador ( al minuto 22 ) imponerse velocidad del Monza georgiano Khvicha Kvaratskhelia aumentó ventaja ( minuto 33 ) asegurar cuarta victoria temporada equipo sumar 13 puntos uno más sublíder Juventus Turín tanto Roma remontó venció 2-1 Venecia primer gol del canterano Niccolò Pisilli,Deportes
Etíopes ganan maratón Berlín etíopes Tigist Ketema Milkesa Mengesha ganaron maratón Berlín quedaron lejos respectivos récords del mundo Ketema logró 2:16.42 Menghesa 24 años completó 42.195 kilómetros 2:03.17,Deportes
Baltimore avanza postemporada vencer 6-2 Minnesota Minneápolis James McCann conectó tres jonrones Heston Kjerstad voló barda darle Orioles Baltimore este domingo pase postemporada victoria 6-2 Mellizos Minnesota completó barrida tres juegos,Deportes
Patrick Mahomes lidera victoria 17-10 Jefes frente Cargadores Patrick Mahomes siempre encuentra caminos ganar mariscal campo Jefes Kansas City comandó equipo remontar 17-10 Cargadores Ángeles mantener invicto temporada ( 4-0 ),Deportes
Sorprendente triunfo del esloveno Pogacar Mundial Zúrich Zúrich esloveno Tadej Pogacar ganó primer título campeón mundial ciclismo ruta Zúrich ataque espectacular 100 kilómetros meta maniobra impensable escribe nuevo capítulo historia este deporte,Deportes
Guadalajara rescata empate Tigres Liga Femenil Carolina Jaramillo apenas retornó canchas haber sido separada dos semanas del plantel Chivas enseguida demostró jerarquía ariete marcó gol tramo final permitió al Guadalajara rescatar empate 1-1 Tigres jornada 13 del torneo Liga Mx Femenil,Deportes
Atlético sufre empatar Madrid Madrid Ángel Correa marcó tanto quinto minuto del tiempo añadido ( 90 + 5 ) dar al Atlético Madrid empate 1-1 Real Madrid derbi fue suspendido varios minutos después integrantes del público arrojaron objetos al campo,Deportes
ManU padece humillante derrota 3-0 Tottenham Manchester Manchester United sufrió ayer humillante derrota 3-0 Tottenham Old Trafford extiende mal comienzo temporada United jugó inferioridad numérica minuto 42 expulsión roja directa Bruno Fernandes temeraria falta James Maddison goles Brennan Johnson ( minuto 3 ) Dejan Kulusevski ( 47 ) Dominic Solanke ( 77 ) propinaron al United tercera derrota dejaron al equipo puesto 12 Tottenham escaló al octavo sitio sumó cuatro victorias al hilo,Deportes
Consumió servicio deuda 15% ingresos del gobierno Moody’s Antes pandemia México gastaba alrededor 10 ciento ingresos pago intereses deuda año pasado choque tasas interés aumento inflación impacto política monetaria Estados Unidos gobierno consumió 15 ciento ingresos pago intereses destacó entrevista Renzo Merino vicepresidente analista sénior del Grupo Riesgo Soberano Moody’s,Economía
PIB minero aumentó 4.9% último año segundo trimestre 2024 industria minera México registró producto interno bruto ( PIB ) 872 mil 30 millones pesos alza 4.93 ciento frente 853 mil 59 mil millones pesos igual periodo del año pasado,Economía
México media tabla pronósticos crecimiento México encuentra mitad del ranking crecimiento económico países integrantes Organización Cooperación Desarrollo Económicos ( OCDE ) debajo expansión del producto interno bruto ( PIB ) del mundo del G-7 nivel es 3.2 ciento ambos casos,Economía
Reconoce Concanaco mejoría salario estabilidad económica diálogo equipo transición presidenta electa Claudia Sheinbaum Pardo avanza bastante señaló Octavio Torre Stéffano dirigente Confederación Cámaras Nacionales Comercio Servicios Turismo ( Concanaco-Servytur ) también reconoció mejoría salario mínimo estabilidad económica alcanzada gestión Andrés Manuel López Obrador,Economía
China aligera carga créditos hipotecarios Pekín Banco Popular China ( BPC ) ordenó ayer bancos comerciales empiecen bajar tasas interés todos préstamos vivienda existentes medida radical ayudar aligerar carga hipotecaria hogares afectados desaceleración economía,Economía
León Bendesky giro bancos centrales son responsables del sistema monetario gestión política monetaria estabilidad moneda nacional conseguir baja inflación aproximarse al pleno empleo recursos disponibles propósito es alcanzar ese marco estabilidad financiera sistema capitalista es inestable misma naturaleza basada uso del dinero del crédito indica existencia ciclos económicos distinta duración periodos estancamiento expansión suelen desembocar crisis,Economía
Cuba turismo igualdad derechos Santiago Cuba edición 14 Turismo Naturaleza Cuba Turnat 2024 concluyó actividades anuncio próxima cita realizará Ciénaga Zapata occidental provincia Matanzas,Economía
México triplicó gasto compra armas contexto tensiones globales aumentan gasto México armas casi triplicó 2023 respecto al año previo mientras primeros seis meses 2024 continúa tendencia al alza Aún datos oficiales muestran es poco más alta cantidad artefactos país vende al extranjero,Economía
México consolidó ecosistema industrial Secretaría Economía publicó segunda edición del dossier Invierte México Momento Mexicano documento clave refleja posicionamiento del país actor estratégico economía global,Economía
costo del servicio deuda bajará medio punto del PIB ciclo recorte tasas CIDE ciclo baja tasa interés referencia del Banco México tendrá impacto benéfico deuda pública próximo año también 2026 será menos costosa destacó Raúl Feliz académico del Centro Investigación Docencia Económica ( CIDE ),Economía
Primer sexenio positivo peso 30 años peso termina primera vez administración apreciación frente al dólar estadunidense México entró al régimen libre flotación del tipo cambio 1994 acuerdo datos del Banco México ( BdeM ) moneda mexicana alcanzó cotización 19.6902 pesos dólar spot al cierre penúltima sesión del gobierno del presidente Andrés Manuel López Obrador representó apreciación nominal 3.7 ciento frente 20.4455 pesos dólar arrancó mandato mercado al mayoreo,Economía
Eleva India producción cereales gobierno India publicó estimaciones finales cosecha del último año agrícola ( julio 2023 junio 2024 ) mostraron cereales alimenticios ( arroz trigo maíz ) alcanzaron récord 332.3 millones toneladas aumento más 3 toneladas producción cereales alimentarios debido mayor producción arroz maíz producción total arroz ha estimado 137.83 toneladas frente 135.76 del año pasado registraron 113.26 toneladas temporada kharif 14.6 toneladas rabi 9.97 toneladas zaid manera similar Ministerio Agricultura ha elevado producción trigo 113.29 toneladas estimación final 2023-24,Economía
libro 80 años 80 piezas resalta riqueza del acervo del Museo Nacional Historia Museo Nacional Historia ( MNH ) asentado majestuoso Castillo Chapultepec celebró ocho décadas presentación editorial 80 años 80 piezas ( 1944-2024 ) recorrido visual documental resalta riqueza acervo colección cuidadosamente seleccionada,Cultura
Hermann Bellinghausen ¿ qué Israel sale ? Ha sido difícil aprender muchos todo judíos Israel no es judíos Este año quedó claro nunca llamamos Israel ente nuevo fundado balazos hace siete décadas tierras habitadas otro pueblo al niega adquirió tiempo fisonomía propia nacionalidad sí israelí baños del humanismo pacifista judíos europeos brillaron ciencias artes pensamiento del Romanticismo catástrofe fascista ( justo devenían europeos además judíos ) nación israelí es opuesto militarista vengativa autoritaria fanática sostenida fanáticos paranoica superior al resto humanidad vez dueña sofisticada máquina matar sistema espionaje contrainsurgencia terrorismo antiterrorismo más temido eficaz del mundo ideología sionista fue satanizada fascismo al tanto debía contraluz desembocar doctrina fundamentalista racista peligrosa,Cultura
Llega novena edición Cuerpo al Descubierto festival solos dancísticos Gran diversidad estilos van del butoh danza experimental interpretarán bailarines solistas participarán del 4 al 27 octubre novena edición del Festival Internacional Danza Contemporánea Cuerpo al Descubierto dirigido Maribel Michel ha servido espacio reflexión celebración al arte Terpsícore,Cultura
Buena Impresión cumple cinco años expandir artes gráficas Oaxaca Buena Impresión taller litografía sede Oaxaca celebra primer lustro vida exposición piedra papel Cinco años creación Buena Impresión Galería espacio colonia Cuauhtémoc surgido primero forma digital año medio sede física,Cultura
Támesis niebla núcleos muestra Claude Monet Londres Londres pintor francés Claude Monet amaba Londres fascinaba niebla crea luz misteriosa reflejada obras ciudad exhiben primera vez capital británica,Cultura
Festejan 90 años del Palacio Bellas Artes testigo persistencia del genio creativo tarde lluviosa abrazó Ciudad México inclemente tiempo logró opacar brillo uno mayores íconos Palacio Bellas Artes majestuoso edificio celebró este domingo 90 aniversario multitud decidida formar parte del momento histórico,Cultura
Condusef alerta suplantación identidad 24 financieras Veinticuatro instituciones debidamente constituidas han reportado suplantación identidad cometer fraudes usuarios,Economía
Edgar Amador reemplaza Gabriel Yorio subsecretario Hacienda designación fue anunciado apenas horas antes Sheinbaum asuma martes primera mujer presidenta historia México,Economía
Banregio 30 años transformando sector financiero mexicano combinación atención personalizada innovación tecnológica han llevado al banco expandir red sucursales diversificar oferta productos servicios,Economía
Regina García Cuéllar convierte primera directora general ABM García Cuéllar ha liderado sectores banca telecomunicaciones energía sustituye Juan Carlos Jiménez separó cargo mayo pasado,Economía
Cetes bajan quinta semana consecutiva rendimientos Cetes bajaron mínimo nivel 2022 anticipando más recortes parte del Banco México,Economía
Lula da Silva urge México renovar relación comercial presidente Brasil indicó sabe importancia Estados Unidos tiene México hace llamado empresarios mexicanos voltear más al Sur,Economía
No queda claro vamos poder romper persistencia precios Heath subgobernador del Banco México explicó persistencia precios servicios fue razones votó mantener tasa referencia semana pasada,Economía
Beijing flexibiliza normas compra viviendas impulsar demanda reducirá pago inicial mínimo compran vivienda primera vez no menos del 15% mientras compradores segunda vivienda disfrutarán pago inicial mínimo del 20%,Economía
76% mexicanos siente más inseguro cajeros automáticos calle Datos del Inegi revelan mujeres personas escolaridad básica son sienten más inseguros lugares,Economía
Sheinbaum designa Emiliano Calderón CEO CFE TEIT Emiliano Calderón desempeñó coordinador Estrategia Digital Nacional sexenio AMLO ahora será director estatal telecomunicaciones,Ciencia y Tecnología
California veta ley seguridad IA preocupación regulación IA ha tomado fuerza EU al menos 40 estados aprobaron leyes al respecto este año,Ciencia y Tecnología
¿ Cómo hacer podcast Notebook LM asistente proyectos Google ? herramientas IA Notebook LM puedes realizar proyectos podcast necesidad estudios grabación enseñamos cómo hacer uno paso paso,Ciencia y Tecnología
YouTube corona rey del streaming mexicanos plataforma impuso más consumida país agosto este año respecto Netflix Disney debido modelo gratuito acuerdo Nielsen,Ciencia y Tecnología
Qué es cómo funciona tarifa dinámica Ticketmaster Oasis rechazó hermanos Gallagher anunciaron gira Norteamérica usuarios no tendrán lidiar medida Ticketmaster utiliza grandes eventos,Ciencia y Tecnología
Trump advierte irá Google solo mostrar noticias malas candidato apuntó caso llegar presidencia solicitará Google procesado niveles máximos,Ciencia y Tecnología
"AT&T venderá participación DirecTV 7,600 millones dólares operación permite AT&amp;T continuar deshaciéndose participaciones sector del entretenimiento invirtió grandes sumas últimos años",Ciencia y Tecnología
IA es oportunidad ser más humanos Pilar Manchón directora estrategia investigación IA Google habla Expansión necesidad artes desarrollo nuevas tecnologías,Ciencia y Tecnología
