Term1,Term2,BigramFreq,ContextFreq,BigramProb
.,&,46,53,0.8679245283018868
?,&,36,65,0.5538461538461539
gabygod,&,35,58,0.603448275862069
$,no,27,416,0.06490384615384616
?,?,23,65,0.35384615384615387
üôè,üèª,21,21,1.0
@,5215512499392,19,28,0.6785714285714286
$,gracias,18,416,0.04326923076923077
$,ya,17,416,0.040865384615384616
üèª,üôè,16,23,0.6956521739130435
$,@,15,416,0.036057692307692304
gracias,gabygod,14,21,0.6666666666666666
xd,&,13,15,0.8666666666666667
gabygod,",",11,58,0.1896551724137931
$,si,11,416,0.026442307692307692
$,yo,10,416,0.02403846153846154
$,y,10,416,0.02403846153846154
@,5215565635201,9,28,0.32142857142857145
$,zi,9,416,0.021634615384615384
$,que,9,416,0.021634615384615384
$,creo,9,416,0.021634615384615384
zi,&,9,9,1.0
lo,que,9,29,0.3103448275862069
5215512499392,&,8,19,0.42105263157894735
$,pero,8,416,0.019230769230769232
$,eliminaste,7,416,0.016826923076923076
eliminaste,este,7,8,0.875
este,mensaje,7,12,0.5833333333333334
mensaje,.,7,9,0.7777777777777778
(,(,7,16,0.4375
.,.,7,53,0.1320754716981132
$,se,7,416,0.016826923076923076
si,gabygod,6,22,0.2727272727272727
$,por,6,416,0.014423076923076924
el,protocolo,6,47,0.1276595744680851
nada,&,6,9,0.6666666666666666
üèª,&,6,23,0.2608695652173913
$,lo,6,416,0.014423076923076924
creo,que,5,12,0.4166666666666667
$,ay,5,416,0.01201923076923077
$,el,5,416,0.01201923076923077
gabygod,.,5,58,0.08620689655172414
de,una,5,54,0.09259259259259259
5215565635201,&,5,9,0.5555555555555556
creo,&,5,12,0.4166666666666667
$,jajajaja,5,416,0.01201923076923077
que,se,5,61,0.08196721311475409
‚ö†,Ô∏è,4,4,1.0
ya,no,4,32,0.125
$,me,4,416,0.009615384615384616
se,me,4,28,0.14285714285714285
no,nos,4,56,0.07142857142857142
por,favor,4,20,0.2
de,nlp,4,54,0.07407407407407407
jajajaja,&,4,5,0.8
por,que,4,20,0.2
va,a,4,8,0.5
con,el,4,18,0.2222222222222222
que,nos,4,61,0.06557377049180328
sagal,&,4,9,0.4444444444444444
no,te,4,56,0.07142857142857142
$,con,4,416,0.009615384615384616
:,(,4,11,0.36363636363636365
del,equipo,4,17,0.23529411764705882
*,&,4,7,0.5714285714285714
el,esponjosito,4,47,0.0851063829787234
gaby,&,4,4,1.0
es,un,4,13,0.3076923076923077
$,oye,4,416,0.009615384615384616
jajajajajaja,&,3,3,1.0
vale,&,3,5,0.6
$,hny,3,416,0.007211538461538462
$,a,3,416,0.007211538461538462
$,le,3,416,0.007211538461538462
$,jajajajajaja,3,416,0.007211538461538462
$,ma√±ana,3,416,0.007211538461538462
$,entonces,3,416,0.007211538461538462
si,no,3,22,0.13636363636363635
$,vale,3,416,0.007211538461538462
(,&,3,16,0.1875
de,la,3,54,0.05555555555555555
favor,&,3,4,0.75
üßê,üßê,3,4,0.75
nos,va,3,20,0.15
lo,del,3,29,0.10344827586206896
$,te,3,416,0.007211538461538462
",",que,3,64,0.046875
oye,@,3,4,0.75
Ô∏è,‚ö†,3,4,0.75
yo,tengo,3,12,0.25
me,dio,3,24,0.125
que,esta,3,61,0.04918032786885246
en,el,3,17,0.17647058823529413
$,tambi√©n,3,416,0.007211538461538462
que,si,3,61,0.04918032786885246
üò¥,üò¥,3,4,0.75
protocolo,&,3,12,0.25
no,me,3,56,0.05357142857142857
",",gracias,3,64,0.046875
los,gummyboys,3,11,0.2727272727272727
$,estamos,3,416,0.007211538461538462
wey,&,3,6,0.5
se,lo,3,28,0.10714285714285714
cabr√≥n,&,3,3,1.0
del,esponjosito,3,17,0.17647058823529413
$,es,3,416,0.007211538461538462
jr,&,3,3,1.0
",",no,3,64,0.046875
la,metodolog√≠a,3,29,0.10344827586206896
a,las,2,47,0.0425531914893617
no,hay,2,56,0.03571428571428571
al,final,2,10,0.2
me,gusta,2,24,0.08333333333333333
y,al,2,32,0.0625
ya,te,2,32,0.0625
brito,&,2,4,0.5
gabygod,?,2,58,0.034482758620689655
$,popue,2,416,0.004807692307692308
a,pop,2,47,0.0425531914893617
pero,&,2,13,0.15384615384615385
no,es,2,56,0.03571428571428571
pero,.,2,13,0.15384615384615385
estoy,triste,2,4,0.5
$,cual,2,416,0.004807692307692308
",",ya,2,64,0.03125
asicierto,&,2,2,1.0
no,le,2,56,0.03571428571428571
es,cierto,2,13,0.15384615384615385
$,o,2,416,0.004807692307692308
dijo,que,2,4,0.5
vas,a,2,3,0.6666666666666666
nos,dijo,2,20,0.1
si,se,2,22,0.09090909090909091
va,ser,2,8,0.25
cierto,gabygod,2,4,0.5
ma√±ana,a,2,8,0.25
esponjosito,&,2,8,0.25
con,nosotros,2,18,0.1111111111111111
ir,con,2,3,0.6666666666666666
$,asicierto,2,416,0.004807692307692308
me,saco,2,24,0.08333333333333333
$,sagal,2,416,0.004807692307692308
:,30,2,11,0.18181818181818182
mientras,tu,2,3,0.6666666666666666
y,la,2,32,0.0625
$,t√∫,2,416,0.004807692307692308
t√∫,no,2,3,0.6666666666666666
$,buenas,2,416,0.004807692307692308
buenas,noches,2,2,1.0
$,un,2,416,0.004807692307692308
del,protocolo,2,17,0.11764705882352941
a,sacar,2,47,0.0425531914893617
para,que,2,13,0.15384615384615385
en,la,2,17,0.11764705882352941
$,.,2,416,0.004807692307692308
para,el,2,13,0.15384615384615385
",",como,2,64,0.03125
a,brito,2,47,0.0425531914893617
pop,",",2,6,0.3333333333333333
",",yo,2,64,0.03125
el,cronograma,2,47,0.0425531914893617
lo,siento,2,29,0.06896551724137931
gabygod,:,2,58,0.034482758620689655
su,madre,2,4,0.5
cualquier,cosa,2,2,1.0
",",para,2,64,0.03125
esta,hablando,2,15,0.13333333333333333
de,lo,2,54,0.037037037037037035
y,nosotros,2,32,0.0625
esponjosito,xd,2,8,0.25
si,&,2,22,0.09090909090909091
hola,gabygod,2,3,0.6666666666666666
5215512499392,hola,2,19,0.10526315789473684
jsjsjs,&,2,2,1.0
ya,nos,2,32,0.0625
hny,&,2,4,0.5
x3,&,2,2,1.0
apoyamos,gabygod,2,2,1.0
te,apoyamos,2,16,0.125
gummyboys,te,2,3,0.6666666666666666
gabyyy,&,2,2,1.0
$,gabyyy,2,416,0.004807692307692308
",",se,2,64,0.03125
pipa,&,2,4,0.5
im√°genes,&,2,2,1.0
metodolog√≠a,",",2,4,0.5
rzagalf,&,2,2,1.0
$,rzagalf,2,416,0.004807692307692308
$,jsjsjsjs,2,416,0.004807692307692308
la,teor√≠a,2,29,0.06896551724137931
gracias,&,2,21,0.09523809523809523
$,asi,2,416,0.004807692307692308
a,los,2,47,0.0425531914893617
tengo,la,2,4,0.5
josu√©,&,2,3,0.6666666666666666
a,la,2,47,0.0425531914893617
pero,en,2,13,0.15384615384615385
no,pero,2,56,0.03571428571428571
a,su,2,47,0.0425531914893617
$,oigan,2,416,0.004807692307692308
oigan,&,2,2,1.0
xdxd,&,2,2,1.0
$,como,2,416,0.004807692307692308
en,un,2,17,0.11764705882352941
me,olvid√≥,2,24,0.08333333333333333
x2,&,2,4,0.5
$,confirmo,2,416,0.004807692307692308
coooof,*,2,2,1.0
puede,&,2,3,0.6666666666666666
:,&,2,11,0.18181818181818182
una,&,2,11,0.18181818181818182
x2,gabygod,2,4,0.5
voy,a,2,2,1.0
$,esque,2,416,0.004807692307692308
$,?,2,416,0.004807692307692308
üò≠,üò≠,2,3,0.6666666666666666
vamos,a,2,4,0.5
a,qu√©,2,47,0.0425531914893617
",",solo,2,64,0.03125
no,lo,2,56,0.03571428571428571
wey,?,2,6,0.3333333333333333
de,octubre,2,54,0.037037037037037035
neta,si,2,3,0.6666666666666666
$,neta,2,416,0.004807692307692308
a,mimir,2,47,0.0425531914893617
nos,saques,2,20,0.1
nada,xd,2,9,0.2222222222222222
a,nlp,2,47,0.0425531914893617
se,esta,2,28,0.07142857142857142
este,es,2,12,0.16666666666666666
protocolo,?,2,12,0.16666666666666666
xdxdxd,&,2,2,1.0
modelo,",",2,4,0.5
un,mensaje,2,15,0.13333333333333333
nlp,?,2,7,0.2857142857142857
si,trabajamos,2,22,0.09090909090909091
esponjosito,?,2,8,0.25
el,tt,2,47,0.0425531914893617
$,vamos,2,416,0.004807692307692308
entonces,",",2,5,0.4
$,oh,2,416,0.004807692307692308
te,preocupes,2,16,0.125
que,me,2,61,0.03278688524590164
jajaja,",",2,3,0.6666666666666666
$,*,2,416,0.004807692307692308
preocupes,&,2,2,1.0
kabron,&,2,2,1.0
ay,kabron,2,5,0.4
equipo,por,2,6,0.3333333333333333
7,de,2,2,1.0
estamos,en,2,6,0.3333333333333333
espero,que,2,2,1.0
+,un,2,3,0.6666666666666666
",",me,2,64,0.03125
",",modelo,2,64,0.03125
$,iremos,2,416,0.004807692307692308
yo,digo,2,12,0.16666666666666666
que,ya,2,61,0.03278688524590164
la,verdad,2,29,0.06896551724137931
con,√©l,2,18,0.1111111111111111
preguntas,de,2,2,1.0
$,pregunt√©,2,416,0.004807692307692308
para,la,2,13,0.15384615384615385
$,nosotros,2,416,0.004807692307692308
",",y,2,64,0.03125
$,espero,2,416,0.004807692307692308
$,solo,2,416,0.004807692307692308
se,puede,2,28,0.07142857142857142
$,but,2,416,0.004807692307692308
por,cierto,2,20,0.1
mimir,üò¥,1,2,0.5
ya,a,1,32,0.03125
protocolo,gabygod,1,12,0.08333333333333333
la,matriz,1,29,0.034482758620689655
",",de,1,64,0.015625
si,ya,1,22,0.045454545454545456
siii,",",1,1,1.0
normalizado,al,1,1,1.0
üò¥,&,1,4,0.25
el,corpus,1,47,0.02127659574468085
al,igual,1,10,0.1
igual,que,1,2,0.5
que,el,1,61,0.01639344262295082
el,test,1,47,0.02127659574468085
corpus,normalizado,1,2,0.5
test,normalizar,1,1,1.0
utilizar,el,1,1,1.0
que,siii,1,61,0.01639344262295082
$,utilizar,1,416,0.002403846153846154
normalizar,&,1,2,0.5
el,vectorizardor,1,47,0.02127659574468085
vectorizardor,y,1,1,1.0
de,verdad,1,54,0.018518518518518517
verdad,que,1,3,0.3333333333333333
ahora,si,1,1,1.0
tentativa,pa,1,1,1.0
$,ahora,1,416,0.002403846153846154
tiempo,.,1,4,0.25
como,habia,1,8,0.125
asi,como,1,3,0.3333333333333333
todos,asi,1,1,1.0
entre,todos,1,1,1.0
esponjosito,no,1,8,0.125
3,entre,1,5,0.2
√∫ltimos,3,1,1,1.0
los,√∫ltimos,1,11,0.09090909090909091
dio,tiempo,1,4,0.25
y,los,1,32,0.03125
viernes,?,1,1,1.0
qui√©n,y,1,1,1.0
cada,qui√©n,1,1,1.0
1,cada,1,3,0.3333333333333333
dividir,1,1,1,1.0
podemos,dividir,1,1,1.0
nos,podemos,1,20,0.05
si,nos,1,22,0.045454545454545456
cronograma,si,1,2,0.5
acuerdo,a,1,1,1.0
hacer,lo,1,6,0.16666666666666666
habia,dicho,1,1,1.0
dicho,sagal,1,1,1.0
sagal,.,1,9,0.1111111111111111
el,viernes,1,47,0.02127659574468085
?,el,1,65,0.015384615384615385
sagal,?,1,9,0.1111111111111111
con,sagal,1,18,0.05555555555555555
volver,con,1,1,1.0
y,volver,1,32,0.03125
terminarlo,y,1,1,1.0
",",esque,1,64,0.015625
pa,terminarlo,1,1,1.0
tambi√©n,me,1,7,0.14285714285714285
esque,por,1,3,0.3333333333333333
la,tentativa,1,29,0.034482758620689655
es,la,1,13,0.07692307692307693
fecha,es,1,1,1.0
que,fecha,1,61,0.01639344262295082
pregunta,",",1,2,0.5
otra,pregunta,1,1,1.0
por,hacer,1,20,0.05
$,otra,1,416,0.002403846153846154
matriz,&,1,1,1.0
dice,pop,1,1,1.0
me,sale,1,24,0.041666666666666664
nosotros,&,1,8,0.125
(,que,1,16,0.0625
hicisteis,(,1,1,1.0
ya,hicisteis,1,32,0.03125
nlp,lo,1,7,0.14285714285714285
presentamos,a,1,1,1.0
le,presentamos,1,14,0.07142857142857142
ma√±ana,le,1,8,0.125
descanses,&,1,1,1.0
que,descanses,1,61,0.01639344262295082
$,de,1,416,0.002403846153846154
sale,146,1,1,1.0
el,dia,1,47,0.02127659574468085
enviarlos,&,1,1,1.0
que,enviarlos,1,61,0.01639344262295082
ay,que,1,5,0.2
18,gaby,1,1,1.0
al,18,1,10,0.1
10,al,1,1,1.0
del,10,1,17,0.058823529411764705
$,del,1,416,0.002403846153846154
pipa,con,1,4,0.25
esta,pipa,1,15,0.06666666666666667
que,fue,1,61,0.01639344262295082
fue,bastante,1,3,0.3333333333333333
zona,de,1,1,1.0
*,zona,1,7,0.14285714285714285
nerviosos,.,1,1,1.0
nosotros,nerviosos,1,8,0.125
tranquila,y,1,1,1.0
nosotros,3,1,8,0.125
t√∫,tranquila,1,3,0.3333333333333333
3,entonces,1,5,0.2
entonces,.,1,5,0.2
100,*,1,1,1.0
$,100,1,416,0.002403846153846154
falta,gabygod,1,3,0.3333333333333333
que,falta,1,61,0.01639344262295082
rifamos,lo,1,1,1.0
nos,rifamos,1,20,0.05
nosotros,nos,1,8,0.125
tambi√©n,esta,1,7,0.14285714285714285
),",",1,5,0.2
bastante,),1,1,1.0
contest√©,wey,1,1,1.0
le,contest√©,1,14,0.07142857142857142
hasta,le,1,2,0.5
$,hablale,1,416,0.002403846153846154
de,nuestro,1,54,0.018518518518518517
hago,la,1,2,0.5
nuestro,protocolo,1,3,0.3333333333333333
protocolo,wey,1,12,0.08333333333333333
$,alrato,1,416,0.002403846153846154
alrato,le,1,1,1.0
le,hago,1,14,0.07142857142857142
maaaaas,&,1,1,1.0
dato,maaaaas,1,1,1.0
y,de,1,32,0.03125
le,avanz√≥,1,14,0.07142857142857142
avanz√≥,al,1,1,1.0
un,dato,1,15,0.06666666666666667
te,creo,1,16,0.0625
al,protocolo,1,10,0.1
aaaaaa,&,1,1,1.0
sabemooos,aaaaaa,1,1,1.0
no,sabemooos,1,56,0.017857142857142856
146,xd,1,1,1.0
hablale,de,1,1,1.0
confirmooo,&,1,1,1.0
dia,de,1,1,1.0
la,broma,1,29,0.034482758620689655
ya,hasta,1,32,0.03125
vali√≥,&,1,1,1.0
ya,vali√≥,1,32,0.03125
aaaaaaaaaaaaaa,&,1,1,1.0
$,aaaaaaaaaaaaaa,1,416,0.002403846153846154
jajsjss,&,1,1,1.0
de,hoy,1,54,0.018518518518518517
hoy,gummyfriends,1,1,1.0
gummyfriends,agarraron,1,3,0.3333333333333333
pipa,jajsjss,1,4,0.25
agarraron,toda,1,1,1.0
toda,la,1,1,1.0
la,claseeeeee,1,29,0.034482758620689655
es,pipa,1,13,0.07692307692307693
jajsjsjsjs,&,1,1,1.0
$,jajsjsjsjs,1,416,0.002403846153846154
claseeeeee,&,1,1,1.0
broma,?,1,1,1.0
$,confirmooo,1,416,0.002403846153846154
de,acuerdo,1,54,0.018518518518518517
etc,",",1,1,1.0
ma√±anita,.,1,1,1.0
gabygod,nos,1,58,0.017241379310344827
sacar,del,1,2,0.5
por,no,1,20,0.05
pero,vale,1,13,0.07692307692307693
no,hacer,1,56,0.017857142857142856
hacer,nadaaaaa,1,6,0.16666666666666666
expresi√≥n,&,1,1,1.0
de,expresi√≥n,1,54,0.018518518518518517
nadaaaaa,&,1,1,1.0
libertad,de,1,1,1.0
hay,libertad,1,4,0.25
aqui,no,1,3,0.3333333333333333
",",aqui,1,64,0.015625
eh,",",1,1,1.0
gracias,gab,1,21,0.047619047619047616
$,eh,1,416,0.002403846153846154
gab,&,1,1,1.0
algo,?,1,1,1.0
?,algo,1,65,0.015384615384615385
ig,?,1,2,0.5
$,ok,1,416,0.002403846153846154
no,gabygod,1,56,0.017857142857142856
cual,pr√°ctica,1,2,0.5
ok,gabygod,1,1,1.0
5215565635201,le,1,9,0.1111111111111111
verdad,mi,1,3,0.3333333333333333
le,tenemos,1,14,0.07142857142857142
tenemos,que,1,2,0.5
que,dar,1,61,0.01639344262295082
teor√≠a,y,1,5,0.2
esta,teor√≠a,1,15,0.06666666666666667
tengo,esta,1,4,0.25
dar,a,1,2,0.5
ig,&,1,2,0.5
pop,ig,1,6,0.16666666666666666
y,a,1,32,0.03125
respuesta,&,1,1,1.0
la,respuesta,1,29,0.034482758620689655
tiene,la,1,5,0.2
no,fumar,1,56,0.017857142857142856
$,tiene,1,416,0.002403846153846154
gracias,.,1,21,0.047619047619047616
nlp,por,1,7,0.14285714285714285
¬ø,ig,1,4,0.25
pr√°ctica,?,1,1,1.0
nos,pasen,1,20,0.05
unas,hip√≥tesis,1,1,1.0
generaci√≥n,de,1,1,1.0
la,generaci√≥n,1,29,0.034482758620689655
es,para,1,13,0.07692307692307693
se,ve,1,28,0.03571428571428571
ve,bien,1,1,1.0
",",es,1,64,0.015625
bien,gabygoooood,1,4,0.25
gabygoooood,.,1,1,1.0
importante,",",1,1,1.0
$,graciaaaas,1,416,0.002403846153846154
graciaaaas,&,1,1,1.0
muy,importante,1,3,0.3333333333333333
pregunta,muy,1,2,0.5
pero,ma√±ana,1,13,0.07692307692307693
ma√±ana,dice,1,8,0.125
una,pregunta,1,11,0.09090909090909091
tenemos,una,1,2,0.5
te,tenemos,1,16,0.0625
5215512499392,te,1,19,0.05263157894736842
de,unas,1,54,0.018518518518518517
hip√≥tesis,que,1,1,1.0
$,entend√≠,1,416,0.002403846153846154
que,estamos,1,61,0.01639344262295082
?,¬ø,1,65,0.015384615384615385
x,?,1,1,1.0
entend√≠,mal,1,3,0.3333333333333333
¬ø,x,1,4,0.25
mal,xdxdxd,1,2,0.5
le,grites,1,14,0.07142857142857142
o,¬ø,1,4,0.25
?,o,1,65,0.015384615384615385
grites,jr,1,1,1.0
tiktok,?,1,1,1.0
usas,tiktok,1,1,1.0
¬ø,usas,1,4,0.25
$,gabygod,1,416,0.002403846153846154
saques,del,1,2,0.5
trabajamos,&,1,2,0.5
$,¬ø,1,416,0.002403846153846154
haciendo,.,1,3,0.3333333333333333
but,",",1,2,0.5
estamos,haciendo,1,6,0.16666666666666666
pasen,üôè,1,1,1.0
mi,teor√≠a,1,4,0.25
ya,ma√±anita,1,32,0.03125
semma,",",1,1,1.0
eso,(,1,4,0.25
hacer,eso,1,6,0.16666666666666666
permita,hacer,1,1,1.0
mal,del,1,2,0.5
nos,permita,1,20,0.05
del,puerco,1,17,0.058823529411764705
metodolog√≠a,que,1,4,0.25
una,metodolog√≠a,1,11,0.09090909090909091
buscar,una,1,1,1.0
puerco,),1,1,1.0
),hago,1,5,0.2
a,buscar,1,47,0.02127659574468085
hago,una,1,2,0.5
una,tarea,1,11,0.09090909090909091
tarea,de,1,2,0.5
solo,voy,1,9,0.1111111111111111
diagrama,",",1,1,1.0
el,diagrama,1,47,0.02127659574468085
de,ia,1,54,0.018518518518518517
(,semma,1,16,0.0625
el,mal,1,47,0.02127659574468085
y,el,1,32,0.03125
",",scrum,1,64,0.015625
solo,llego,1,9,0.1111111111111111
llego,a,1,1,1.0
pero,ya,1,13,0.07692307692307693
),pero,1,5,0.2
muchos,),1,1,1.0
a,mi,1,47,0.02127659574468085
mi,casa,1,4,0.25
casa,",",1,1,1.0
como,",",1,8,0.125
hay,muchos,1,4,0.25
",",hay,1,64,0.015625
pop,xdxd,1,6,0.16666666666666666
prototipos,etc,1,1,1.0
",",prototipos,1,64,0.015625
me,duermo,1,24,0.041666666666666664
scrum,",",1,1,1.0
duermo,(,1,1,1.0
(,me,1,16,0.0625
dio,el,1,4,0.25
ia,y,1,1,1.0
fases,y,1,1,1.0
teor√≠a,se,1,5,0.2
$,hola,1,416,0.002403846153846154
tik,tok,1,1,1.0
$,tik,1,416,0.002403846153846154
clon,.,1,3,0.3333333333333333
un,clon,1,15,0.06666666666666667
tiene,un,1,5,0.2
que,tiene,1,61,0.01639344262295082
una,misa,1,11,0.09090909090909091
teor√≠a,",",1,5,0.2
misa,",",1,1,1.0
",",estrese,1,64,0.015625
estrese,a,1,1,1.0
los,sinodales,1,11,0.09090909090909091
realidad,.,1,1,1.0
la,realidad,1,29,0.034482758620689655
sinodales,",",1,1,1.0
m√°s,a,1,2,0.5
acerca,m√°s,1,1,1.0
se,acerca,1,28,0.03571428571428571
y,nos,1,32,0.03125
tok,&,1,1,1.0
hola,gummyfriends,1,3,0.3333333333333333
y,luego,1,32,0.03125
gummyfriends,&,1,3,0.3333333333333333
las,fases,1,8,0.125
luego,ya,1,2,0.5
ya,el,1,32,0.03125
que,cu√°ndo,1,61,0.01639344262295082
cu√°ndo,defendamos,1,2,0.5
quedaron,las,1,1,1.0
ya,quedaron,1,32,0.03125
xd,ya,1,15,0.06666666666666667
casi,xd,1,1,1.0
defendamos,el,1,1,1.0
bueno,casi,1,1,1.0
",",bueno,1,64,0.015625
tt,el,1,2,0.5
el,@,1,47,0.02127659574468085
qued√≥,la,1,1,1.0
5215565635201,se,1,9,0.1111111111111111
se,aviente,1,28,0.03571428571428571
aviente,una,1,1,1.0
ya,qued√≥,1,32,0.03125
de,no,1,54,0.018518518518518517
$,buenos,1,416,0.002403846153846154
fumar,*,1,1,1.0
$,ayudame,1,416,0.002403846153846154
un,cabr√≥n,1,15,0.06666666666666667
ley√≥,nada,1,1,1.0
no,ley√≥,1,56,0.017857142857142856
pinch√©,sagal,1,1,1.0
$,pinch√©,1,416,0.002403846153846154
bien,gaby,1,4,0.25
todo,bien,1,5,0.2
$,todo,1,416,0.002403846153846154
estres√≥,&,1,1,1.0
se,estres√≥,1,28,0.03571428571428571
ayudame,&,1,1,1.0
loco,&,1,1,1.0
no,&,1,56,0.017857142857142856
esta,loco,1,15,0.06666666666666667
popue,esta,1,6,0.16666666666666666
fue,&,1,3,0.3333333333333333
se,fue,1,28,0.03571428571428571
sagal,se,1,9,0.1111111111111111
todo,xd,1,5,0.2
madre,todo,1,2,0.5
ching√≥,a,1,1,1.0
que,ching√≥,1,61,0.01639344262295082
eto,&,1,1,1.0
$,eto,1,416,0.002403846153846154
oh,no,1,2,0.5
nos,funes,1,20,0.05
$,xdxdxdxd,1,416,0.002403846153846154
de,redes,1,54,0.018518518518518517
profesor,como,1,2,0.5
al,profesor,1,10,0.1
ven,al,1,1,1.0
",",ven,1,64,0.015625
sistemas,",",1,1,1.0
de,sistemas,1,54,0.018518518518518517
chabos,de,1,1,1.0
los,chabos,1,11,0.09090909090909091
que,los,1,61,0.01639344262295082
yo,creo,1,12,0.08333333333333333
redes,&,1,1,1.0
nada,de,1,9,0.1111111111111111
funes,gabygod,1,1,1.0
sabemos,nada,1,1,1.0
no,sabemos,1,56,0.017857142857142856
bien,&,1,4,0.25
$,bien,1,416,0.002403846153846154
local,&,1,1,1.0
en,local,1,17,0.058823529411764705
modificando,en,1,1,1.0
esta,modificando,1,15,0.06666666666666667
ji,&,1,2,0.5
ji,ji,1,2,0.5
$,ji,1,416,0.002403846153846154
sabes,xd,1,1,1.0
no,sabes,1,56,0.017857142857142856
de,brito,1,54,0.018518518518518517
hijos,&,1,1,1.0
estamos,atras,1,6,0.16666666666666666
moralmente,&,1,1,1.0
$,moralmente,1,416,0.002403846153846154
nosotros,te,1,8,0.125
jajjajaja,&,1,1,1.0
$,jajjajaja,1,416,0.002403846153846154
seguros,si,1,1,1.0
estamos,seguros,1,6,0.16666666666666666
no,estamos,1,56,0.017857142857142856
adem√°s,",",1,1,1.0
$,adem√°s,1,416,0.002403846153846154
sus,hijos,1,2,0.5
antes,de,1,1,1.0
a,sus,1,47,0.02127659574468085
ver,a,1,2,0.5
a,ver,1,47,0.02127659574468085
pasamos,a,1,1,1.0
asi,pasamos,1,3,0.3333333333333333
mejor,&,1,4,0.25
$,mejor,1,416,0.002403846153846154
exceso,&,1,1,1.0
el,exceso,1,47,0.02127659574468085
gusta,el,1,2,0.5
l√≠mite,jr,1,1,1.0
atras,de,1,1,1.0
de,ti,1,54,0.018518518518518517
ti,mientras,1,2,0.5
tu,hablas,1,4,0.25
firmado,antes,1,1,1.0
documento,firmado,1,2,0.5
el,documento,1,47,0.02127659574468085
regrese,el,1,1,1.0
nos,regrese,1,20,0.05
es,que,1,13,0.07692307692307693
interesa,es,1,1,1.0
nos,interesa,1,20,0.05
firmar,&,1,1,1.0
a,firmar,1,47,0.02127659574468085
acomodando,el,1,1,1.0
estamos,acomodando,1,6,0.16666666666666666
triste,&,1,2,0.5
no,estoy,1,56,0.017857142857142856
neta,&,1,3,0.3333333333333333
(,neta,1,16,0.0625
chikas,:,1,1,1.0
eso,chikas,1,4,0.25
por,eso,1,20,0.05
triste,por,1,2,0.5
$,estoy,1,416,0.002403846153846154
con,brito,1,18,0.05555555555555555
hablas,con,1,1,1.0
como,nosotros,1,8,0.125
nosotros,vemos,1,8,0.125
vemos,al,1,1,1.0
sesgar,segar,1,2,0.5
',v,1,1,1.0
:,',1,11,0.09090909090909091
si,:,1,22,0.045454545454545456
123,&,1,1,1.0
modelo,123,1,4,0.25
sesgar,",",1,2,0.5
mensaje,sesgar,1,9,0.1111111111111111
",",este,1,64,0.015625
el,modelo,1,47,0.02127659574468085
el,el,1,47,0.02127659574468085
segar,el,1,1,1.0
para,sesgar,1,13,0.07692307692307693
c√≥digo,",",1,2,0.5
mensaje,para,1,9,0.1111111111111111
$,este,1,416,0.002403846153846154
crean,üôè,1,1,1.0
quien,crean,1,1,1.0
a,quien,1,47,0.02127659574468085
rezarle,a,1,1,1.0
a,rezarle,1,47,0.02127659574468085
gabygod,üôè,1,58,0.017241379310344827
corpus,?,1,2,0.5
y,corpus,1,32,0.03125
documento,y,1,2,0.5
v,&,1,1,1.0
oye,gabygod,1,4,0.25
no,ya,1,56,0.017857142857142856
ya,nada,1,32,0.03125
no,dije,1,56,0.017857142857142856
mejor,no,1,4,0.25
ya,mejor,1,32,0.03125
y,ya,1,32,0.03125
amenaz√≥,josu√©,1,1,1.0
me,amenaz√≥,1,24,0.041666666666666664
onda,xd,1,1,1.0
que,onda,1,61,0.01639344262295082
ver,que,1,2,0.5
para,ver,1,13,0.07692307692307693
pediamos,para,1,1,1.0
lo,pediamos,1,29,0.034482758620689655
eso,",",1,4,0.25
todo,eso,1,5,0.2
tiene,todo,1,5,0.2
ya,tiene,1,32,0.03125
plabini,ya,1,1,1.0
que,plabini,1,61,0.01639344262295082
decir,&,1,1,1.0
a,decir,1,47,0.02127659574468085
iba,a,1,2,0.5
esto,iba,1,4,0.25
$,esto,1,416,0.002403846153846154
",",documento,1,64,0.015625
$,c√≥digo,1,416,0.002403846153846154
al,esponjosito,1,10,0.1
pero,si,1,13,0.07692307692307693
ya,solo,1,32,0.03125
ayudar,?,1,1,1.0
va,ayudar,1,8,0.125
?,xd,1,65,0.015384615384615385
existo,?,1,1,1.0
que,existo,1,61,0.01639344262295082
como,que,1,8,0.125
cambiamos,gabygod,1,1,1.0
lo,cambiamos,1,29,0.034482758620689655
quieres,&,1,1,1.0
no,quieres,1,56,0.017857142857142856
üëà,üèª,1,1,1.0
sube,de,1,1,1.0
üèª,üëà,1,23,0.043478260869565216
üëâ,üèª,1,1,1.0
mejor,üëâ,1,4,0.25
m√°s,mejor,1,2,0.5
la,m√°s,1,29,0.034482758620689655
eres,la,1,3,0.3333333333333333
esque,eres,1,3,0.3333333333333333
conocemos,nada,1,1,1.0
no,conocemos,1,56,0.017857142857142856
entiendo,nada,1,1,1.0
no,entiendo,1,56,0.017857142857142856
solo,falta,1,9,0.1111111111111111
falta,las,1,3,0.3333333333333333
las,firmas,1,8,0.125
firmas,de,1,1,1.0
se,sube,1,28,0.03571428571428571
kabroooooooooon,&,1,1,1.0
ay,kabroooooooooon,1,5,0.2
hacer,pipa,1,6,0.16666666666666666
va,hacer,1,8,0.125
lo,va,1,29,0.034482758620689655
dec√≠as,wey,1,1,1.0
que,dec√≠as,1,61,0.01639344262295082
dimelo,&,1,1,1.0
$,dimelo,1,416,0.002403846153846154
amenazando,wey,1,1,1.0
estas,amenazando,1,3,0.3333333333333333
me,estas,1,24,0.041666666666666664
pop,gabygod,1,6,0.16666666666666666
sacamos,a,1,1,1.0
$,sacamos,1,416,0.002403846153846154
manda,üôè,1,2,0.5
se,manda,1,28,0.03571428571428571
y,se,1,32,0.03125
importantes,y,1,1,1.0
mas,importantes,1,1,1.0
los,mas,1,11,0.09090909090909091
de,los,1,54,0.018518518518518517
al,l√≠mite,1,10,0.1
llegar,al,1,1,1.0
gusta,llegar,1,2,0.5
no,quiere,1,56,0.017857142857142856
no,por,1,56,0.017857142857142856
enojar,cabr√≥n,1,1,1.0
a,enojar,1,47,0.02127659574468085
me,voy,1,24,0.041666666666666664
yo,me,1,12,0.08333333333333333
sacalo,&,1,1,1.0
$,sacalo,1,416,0.002403846153846154
josue,gaby,1,2,0.5
el,josue,1,47,0.02127659574468085
ir,el,1,3,0.3333333333333333
quiere,ir,1,2,0.5
noches,&,1,2,0.5
nosotros,lo,1,8,0.125
todo,.,1,5,0.2
hac√©s,todo,1,1,1.0
tu,hac√©s,1,4,0.25
durmiendo,mientras,1,1,1.0
esta,durmiendo,1,15,0.06666666666666667
",",esta,1,64,0.015625
clon,",",1,3,0.3333333333333333
tu,clon,1,4,0.25
hace,tu,1,1,1.0
me,hace,1,24,0.041666666666666664
terminamos,&,1,1,1.0
que,t√∫,1,61,0.01639344262295082
no,tienes,1,56,0.017857142857142856
tienes,perforaciones,1,3,0.3333333333333333
perforaciones,en,1,1,1.0
su,posible,1,4,0.25
para,su,1,13,0.07692307692307693
protocolo,para,1,12,0.08333333333333333
observaciones,del,1,3,0.3333333333333333
tus,observaciones,1,1,1.0
lanzas,tus,1,1,1.0
nos,lanzas,1,20,0.05
",",nos,1,64,0.015625
fa,",",1,1,1.0
por,fa,1,20,0.05
5215512499392,por,1,19,0.05263157894736842
martes,&,1,1,1.0
$,martes,1,416,0.002403846153846154
$,x2,1,416,0.002403846153846154
tiene,gabygod,1,5,0.2
lo,tiene,1,29,0.034482758620689655
ya,lo,1,32,0.03125
gambino,",",1,1,1.0
diciendo,gambino,1,1,1.0
esta,diciendo,1,15,0.06666666666666667
orejas,&,1,1,1.0
las,orejas,1,8,0.125
en,las,1,17,0.058823529411764705
lo,terminamos,1,29,0.034482758620689655
semana,nosotros,1,2,0.5
correci√≥n,.,1,1,1.0
$,justificaci√≥n,1,416,0.002403846153846154
teor√≠a,de,1,5,0.2
$,tengo,1,416,0.002403846153846154
leer,xdxdxd,1,1,1.0
sabe,leer,1,1,1.0
no,sabe,1,56,0.017857142857142856
promedio,no,1,1,1.0
escom,promedio,1,2,0.5
estudiantes,escom,1,1,1.0
el,estudiantes,1,47,0.02127659574468085
:,el,1,11,0.09090909090909091
justificaci√≥n,:,1,1,1.0
but,&,1,2,0.5
de,semana,1,54,0.018518518518518517
s√≥lo,&,1,1,1.0
el,s√≥lo,1,47,0.02127659574468085
protocolo,el,1,12,0.08333333333333333
escribiendo,el,1,1,1.0
estaba,escribiendo,1,2,0.5
raz√≥n,estaba,1,1,1.0
con,raz√≥n,1,18,0.05555555555555555
utilizo,&,1,1,1.0
nos,utilizo,1,20,0.05
solo,nos,1,9,0.1111111111111111
xdxdxdxd,&,1,1,1.0
de,que,1,54,0.018518518518518517
que,&,1,61,0.01639344262295082
$,mientras,1,416,0.002403846153846154
mientras,@,1,3,0.3333333333333333
fin,de,1,1,1.0
el,fin,1,47,0.02127659574468085
tt,&,1,2,0.5
ahorita,estamos,1,2,0.5
pero,ahorita,1,13,0.07692307692307693
trabajamos,pero,1,2,0.5
favooooor,&,1,1,1.0
por,favooooor,1,20,0.05
saques,por,1,2,0.5
üßê,&,1,4,0.25
$,üßê,1,416,0.002403846153846154
analizando,&,1,1,1.0
y,analizando,1,32,0.03125
objetivos,y,1,1,1.0
los,objetivos,1,11,0.09090909090909091
leyendo,los,1,1,1.0
esta,leyendo,1,15,0.06666666666666667
clon,esta,1,3,0.3333333333333333
su,clon,1,4,0.25
",",su,1,64,0.015625
aqui,",",1,3,0.3333333333333333
esta,aqui,1,15,0.06666666666666667
5215512499392,esta,1,19,0.05263157894736842
posible,correci√≥n,1,1,1.0
y,puedes,1,32,0.03125
esto,&,1,4,0.25
favor,üò≠,1,4,0.25
sus,observaciones,1,2,0.5
dan,sus,1,1,1.0
me,dan,1,24,0.041666666666666664
y,me,1,32,0.03125
cronograma,y,1,2,0.5
revisar,el,1,1,1.0
pueden,revisar,1,1,1.0
",",pueden,1,64,0.015625
gummyfriends,",",1,3,0.3333333333333333
noches,gummyfriends,1,2,0.5
üò≠,&,1,3,0.3333333333333333
ta,cabr√≥n,1,1,1.0
nuestro,director,1,3,0.3333333333333333
$,ta,1,416,0.002403846153846154
vavavavaa,&,1,1,1.0
$,vavavavaa,1,416,0.002403846153846154
a,sagal,1,47,0.02127659574468085
pedirselo,a,1,1,1.0
para,pedirselo,1,13,0.07692307692307693
brito,para,1,4,0.25
esto,a,1,4,0.25
pediste,esto,1,1,1.0
le,pediste,1,14,0.07142857142857142
como,le,1,8,0.125
observaciones,.,1,3,0.3333333333333333
$,en,1,416,0.002403846153846154
en,este,1,17,0.058823529411764705
este,momento,1,12,0.08333333333333333
madre,esto,1,2,0.5
chingo,a,1,1,1.0
$,chingo,1,416,0.002403846153846154
aaaaaaaaaaa,&,1,1,1.0
$,aaaaaaaaaaa,1,416,0.002403846153846154
nomaaaaaaaaa,&,1,1,1.0
$,nomaaaaaaaaa,1,416,0.002403846153846154
el,josu√©,1,47,0.02127659574468085
es,el,1,13,0.07692307692307693
asi,es,1,3,0.3333333333333333
$,xd,1,416,0.002403846153846154
",",por,1,64,0.015625
preguntamos,&,1,1,1.0
ma√±ana,preguntamos,1,8,0.125
mencion√≥,sagal,1,1,1.0
nos,mencion√≥,1,20,0.05
revisando,lo,1,1,1.0
y,revisando,1,32,0.03125
diagramas,y,1,1,1.0
el,diagramas,1,47,0.02127659574468085
haciendo,el,1,3,0.3333333333333333
estoy,haciendo,1,4,0.25
momento,estoy,1,1,1.0
director,?,1,1,1.0
siendo,nuestro,1,1,1.0
puedes,pasar,1,1,1.0
gracias,x2,1,21,0.047619047619047616
digo,que,1,4,0.25
observaciones,?,1,3,0.3333333333333333
haga,observaciones,1,2,0.5
nos,haga,1,20,0.05
igual,nos,1,2,0.5
que,igual,1,61,0.01639344262295082
vez,para,1,1,1.0
una,vez,1,11,0.09090909090909091
brito,de,1,4,0.25
mandamos,a,1,1,1.0
lo,mandamos,1,29,0.034482758620689655
",",nada,1,64,0.015625
sigue,siendo,1,1,1.0
osea,",",1,1,1.0
$,osea,1,416,0.002403846153846154
dando,.,1,1,1.0
vaya,dando,1,2,0.5
de,vaya,1,54,0.018518518518518517
5215565635201,de,1,9,0.1111111111111111
que,@,1,61,0.01639344262295082
nlp,para,1,7,0.14285714285714285
c√≥digo,de,1,2,0.5
el,c√≥digo,1,47,0.02127659574468085
pasar,el,1,1,1.0
que,ni,1,61,0.01639344262295082
ni,ha,1,2,0.5
ha,leido,1,2,0.5
leido,sagal,1,1,1.0
entonces,sigue,1,5,0.2
no,puede,1,56,0.017857142857142856
3,&,1,5,0.2
las,3,1,8,0.125
primero,a,1,1,1.0
iremos,primero,1,3,0.3333333333333333
valimos,:,1,1,1.0
ya,valimos,1,32,0.03125
aceptaci√≥n,gabygod,1,1,1.0
$,aceptaci√≥n,1,416,0.002403846153846154
creo,xd,1,12,0.08333333333333333
hara,pipa,1,1,1.0
lo,hara,1,29,0.034482758620689655
eso,lo,1,4,0.25
$,eso,1,416,0.002403846153846154
nom√°s,xdxd,1,1,1.0
as√≠,nom√°s,1,1,1.0
vio,as√≠,1,1,1.0
lo,vio,1,29,0.034482758620689655
solo,lo,1,9,0.1111111111111111
y,solo,1,32,0.03125
xd,y,1,15,0.06666666666666667
sagal,xd,1,9,0.1111111111111111
metodolog√≠a,&,1,4,0.25
-,idf,1,1,1.0
modificar,la,1,1,1.0
eres,me,1,3,0.3333333333333333
que,cabroooon,1,61,0.01639344262295082
enfermando,&,1,1,1.0
ando,enfermando,1,1,1.0
me,ando,1,24,0.041666666666666664
sticker,:,1,1,1.0
este,sticker,1,12,0.08333333333333333
aplicar,este,1,1,1.0
iba,aplicar,1,2,0.5
ma√±ana,iba,1,8,0.125
esque,ma√±ana,1,3,0.3333333333333333
horaaaa,&,1,1,1.0
qu√©,horaaaa,1,8,0.125
pregunt√©,a,1,2,0.5
stuart,.,1,2,0.5
con,stuart,1,18,0.05555555555555555
a,ir,1,47,0.02127659574468085
hora,vamos,1,1,1.0
qu√©,hora,1,8,0.125
las,im√°genes,1,8,0.125
mucho,las,1,2,0.5
gustan,mucho,1,1,1.0
le,gustan,1,14,0.07142857142857142
son,im√°genes,1,2,0.5
cabroooon,eres,1,1,1.0
me,cae,1,24,0.041666666666666664
wey,",",1,6,0.16666666666666666
cae,&,1,1,1.0
lab,&,1,1,1.0
en,lab,1,17,0.058823529411764705
es,en,1,13,0.07692307692307693
lecci√≥n,.,1,1,1.0
la,lecci√≥n,1,29,0.034482758620689655
aprend√≠,la,1,1,1.0
ya,aprend√≠,1,32,0.03125
popue,gabygod,1,6,0.16666666666666666
un,popue,1,15,0.06666666666666667
confies,en,1,1,1.0
nunca,confies,1,1,1.0
$,nunca,1,416,0.002403846153846154
tociendo,wey,1,1,1.0
estoy,tociendo,1,4,0.25
",",estoy,1,64,0.015625
viste,",",1,1,1.0
ya,viste,1,32,0.03125
*,coooof,1,7,0.14285714285714285
$,coooof,1,416,0.002403846153846154
escucha,&,1,1,1.0
",",escucha,1,64,0.015625
mira,",",1,1,1.0
$,mira,1,416,0.002403846153846154
$,son,1,416,0.002403846153846154
no,creo,1,56,0.017857142857142856
cococococo,&,1,1,1.0
$,cococococo,1,416,0.002403846153846154
protocolo,no,1,12,0.08333333333333333
",",en,1,64,0.015625
requisitos,",",1,1,1.0
piden,requisitos,1,1,1.0
si,piden,1,22,0.045454545454545456
tt1,si,1,2,0.5
para,tt1,1,13,0.07692307692307693
qu√©,para,1,8,0.125
por,qu√©,1,20,0.05
√©l,por,1,3,0.3333333333333333
a,√©l,1,47,0.02127659574468085
tambi√©n,a,1,7,0.14285714285714285
convenga,tambi√©n,1,1,1.0
le,convenga,1,14,0.07142857142857142
si,le,1,22,0.045454545454545456
s√©,si,1,1,1.0
no,s√©,1,56,0.017857142857142856
qu√©,no,1,8,0.125
solo,qu√©,1,9,0.1111111111111111
problema,gabygod,1,1,1.0
hay,problema,1,4,0.25
mi,no,1,4,0.25
por,mi,1,20,0.05
el,tt1,1,47,0.02127659574468085
tt1,.,1,2,0.5
tengo,un,1,4,0.25
jsjsjsjs,&,1,2,0.5
confianza,&,1,1,1.0
fe,confianza,1,1,1.0
intervalos,fe,1,1,1.0
$,intervalos,1,416,0.002403846153846154
b0,&,1,1,1.0
y,b0,1,32,0.03125
b1,y,1,1,1.0
$,b1,1,416,0.002403846153846154
advertising,&,1,1,1.0
$,advertising,1,416,0.002403846153846154
provechito,@,1,1,1.0
un,audio,1,15,0.06666666666666667
$,provechito,1,416,0.002403846153846154
gabygood,.,1,2,0.5
2,gabygood,1,1,1.0
los,2,1,11,0.09090909090909091
saca,a,1,1,1.0
nos,saca,1,20,0.05
donde,nos,1,1,1.0
popue,donde,1,6,0.16666666666666666
de,popue,1,54,0.018518518518518517
audio,de,1,3,0.3333333333333333
ay,wey,1,5,0.2
",",lo,1,64,0.015625
$,pues,1,416,0.002403846153846154
protocolo,en,1,12,0.08333333333333333
$,manda,1,416,0.002403846153846154
),&,1,5,0.2
amigo,),1,1,1.0
no,amigo,1,56,0.017857142857142856
(,no,1,16,0.0625
trabajo,(,1,1,1.0
de,trabajo,1,54,0.018518518518518517
compa√±ero,de,1,1,1.0
gusto,compa√±ero,1,2,0.5
un,gusto,1,15,0.06666666666666667
r√∫brica,del,1,1,1.0
la,r√∫brica,1,29,0.034482758620689655
reenvio,la,1,1,1.0
$,reenvio,1,416,0.002403846153846154
buitron,&,1,1,1.0
israel,buitron,1,1,1.0
tal,israel,1,1,1.0
ese,tal,1,3,0.3333333333333333
a,ese,1,47,0.02127659574468085
viendo,a,1,1,1.0
estaba,viendo,1,2,0.5
tambi√©n,estaba,1,7,0.14285714285714285
",",tambi√©n,1,64,0.015625
manda,el,1,2,0.5
en,cuestion,1,17,0.058823529411764705
lo,envie,1,29,0.034482758620689655
cuestion,&,1,1,1.0
andamos,.,1,1,1.0
aqui,andamos,1,3,0.3333333333333333
cosa,aqui,1,2,0.5
que,cualquier,1,61,0.01639344262295082
decimos,que,1,1,1.0
te,decimos,1,16,0.0625
",",los,1,64,0.015625
$,jsjsjs,1,416,0.002403846153846154
dijo,&,1,4,0.25
coach,&,1,1,1.0
nuestro,coach,1,3,0.3333333333333333
ser,nuestro,1,2,0.5
esponjositos,va,1,1,1.0
el,esponjositos,1,47,0.02127659574468085
cosa,los,1,2,0.5
$,cualquier,1,416,0.002403846153846154
much√≠simo,gabygod,1,1,1.0
siento,much√≠simo,1,2,0.5
h0,&,1,1,1.0
$,h0,1,416,0.002403846153846154
ho,&,1,1,1.0
rechazo,ho,1,1,1.0
$,rechazo,1,416,0.002403846153846154
$,jajaja,1,416,0.002403846153846154
fiateira,&,1,1,1.0
$,fiateira,1,416,0.002403846153846154
betterware,&,1,1,1.0
yo,puedo,1,12,0.08333333333333333
organizar,para,1,1,1.0
a,organizar,1,47,0.02127659574468085
nos,vamos,1,20,0.05
como,nos,1,8,0.125
chicas,",",1,2,0.5
$,chicas,1,416,0.002403846153846154
quiere,?,1,2,0.5
lo,quiere,1,29,0.034482758620689655
cu√°ndo,lo,1,2,0.5
para,cu√°ndo,1,13,0.07692307692307693
digo,para,1,4,0.25
te,digo,1,16,0.0625
nooooo,&,1,1,1.0
$,nooooo,1,416,0.002403846153846154
ganaron,&,1,1,1.0
gummyboys,ganaron,1,3,0.3333333333333333
$,los,1,416,0.002403846153846154
jajaja,&,1,3,0.3333333333333333
equivocado,jajaja,1,1,1.0
chat,equivocado,1,1,1.0
al,chat,1,10,0.1
envie,al,1,1,1.0
puedo,en,1,1,1.0
la,noche,1,29,0.034482758620689655
noche,darle,1,1,1.0
existe,audio,1,1,1.0
$,betterware,1,416,0.002403846153846154
better,&,1,1,1.0
$,better,1,416,0.002403846153846154
ti,.,1,2,0.5
a,ti,1,47,0.02127659574468085
sacar,a,1,2,0.5
te,va,1,16,0.0625
tambi√©n,te,1,7,0.14285714285714285
),tambi√©n,1,5,0.2
audio,),1,3,0.3333333333333333
(,existe,1,16,0.0625
darle,pero,1,1,1.0
dijo,(,1,4,0.25
me,dijo,1,24,0.041666666666666664
por,lo,1,20,0.05
y,por,1,32,0.03125
equipo,&,1,6,0.16666666666666666
saco,del,1,2,0.5
josu√©,me,1,3,0.3333333333333333
5215512499392,josu√©,1,19,0.05263157894736842
nochecita,&,1,1,1.0
la,nochecita,1,29,0.034482758620689655
pues,por,1,2,0.5
a,vale,1,47,0.02127659574468085
a,modificar,1,47,0.02127659574468085
to,detect,1,1,1.0
handwriting,data,1,1,1.0
$,handwriting,1,416,0.002403846153846154
tiempo,gabygod,1,4,0.25
de,tiempo,1,54,0.018518518518518517
series,de,1,1,1.0
baja,series,1,1,1.0
de,baja,1,54,0.018518518518518517
da,de,1,2,0.5
ya,da,1,32,0.03125
god,?,1,2,0.5
profe,god,1,1,1.0
$,profe,1,416,0.002403846153846154
solo,@,1,9,0.1111111111111111
vaya,solo,1,2,0.5
que,vaya,1,61,0.01639344262295082
√©l,&,1,3,0.3333333333333333
directo,con,1,1,1.0
mejor,directo,1,4,0.25
qu√©,mejor,1,8,0.125
digo,qu√©,1,4,0.25
compa√±eros,&,1,1,1.0
mis,compa√±eros,1,1,1.0
de,mis,1,54,0.018518518518518517
data,to,1,1,1.0
detect,alzheimer,1,1,1.0
ese,ya,1,3,0.3333333333333333
alzheimer,‚Äô,1,2,0.5
escom,",",1,2,0.5
en,escom,1,17,0.058823529411764705
uno,en,1,1,1.0
a,uno,1,47,0.02127659574468085
conoc√≠as,a,1,1,1.0
qu√©,conoc√≠as,1,8,0.125
dijiste,qu√©,1,1,1.0
que,dijiste,1,61,0.01639344262295082
profesor,que,1,2,0.5
el,profesor,1,47,0.02127659574468085
5215512499392,el,1,19,0.05263157894736842
cierto,@,1,4,0.25
protocolo,.,1,12,0.08333333333333333
=,protocolo,1,1,1.0
an√°huac,=,1,1,1.0
la,an√°huac,1,29,0.034482758620689655
doctor,de,1,1,1.0
un,doctor,1,15,0.06666666666666667
nlp,+,1,7,0.14285714285714285
$,nlp,1,416,0.002403846153846154
disease,&,1,1,1.0
s,disease,1,1,1.0
‚Äô,s,1,1,1.0
protocolos,de,1,2,0.5
los,protocolos,1,11,0.09090909090909091
sobre,los,1,1,1.0
pregunt√©,sobre,1,2,0.5
la,platica,1,29,0.034482758620689655
env√≠o,la,1,1,1.0
les,env√≠o,1,1,1.0
",",les,1,64,0.015625
",",entonces,1,64,0.015625
investigar,jajaja,1,1,1.0
a,investigar,1,47,0.02127659574468085
empec√©,a,1,1,1.0
y,empec√©,1,32,0.03125
4to,y,1,1,1.0
de,4to,1,54,0.018518518518518517
falta,de,1,3,0.3333333333333333
me,falta,1,24,0.041666666666666664
materia,que,1,1,1.0
l,materia,1,1,1.0
de,l,1,54,0.018518518518518517
asunto,de,1,1,1.0
mi,asunto,1,4,0.25
amsiedad,mi,1,1,1.0
dio,amsiedad,1,4,0.25
y,gabygod,1,32,0.03125
poppler,y,1,1,1.0
dias,poppler,1,2,0.5
platica,que,1,1,1.0
se,dio,1,28,0.03571428571428571
dio,del,1,4,0.25
se,menciona,1,28,0.03571428571428571
bandictaaaa,.,1,1,1.0
$,bandictaaaa,1,416,0.002403846153846154
craneo,&,1,1,1.0
$,craneo,1,416,0.002403846153846154
?,*,1,65,0.015384615384615385
un,protocolo,1,15,0.06666666666666667
qu√©,es,1,8,0.125
¬ø,qu√©,1,4,0.25
*,¬ø,1,7,0.14285714285714285
menciona,.,1,1,1.0
resumen,se,1,2,0.5
del,registro,1,17,0.058823529411764705
un,resumen,1,15,0.06666666666666667
presentaci√≥n,+,1,1,1.0
+,presentaci√≥n,1,3,0.3333333333333333
semestre,+,1,2,0.5
del,semestre,1,17,0.058823529411764705
inicio,del,1,1,1.0
a,inicio,1,47,0.02127659574468085
protocolos,a,1,2,0.5
de,protocolos,1,54,0.018518518518518517
registro,de,1,1,1.0
",",ese,1,64,0.015625
lo,veremos,1,29,0.034482758620689655
esto,?,1,4,0.25
presion√≥,&,1,1,1.0
popue,me,1,6,0.16666666666666666
equipo,gabygod,1,6,0.16666666666666666
salir,del,1,1,1.0
a,salir,1,47,0.02127659574468085
te,vas,1,16,0.0625
30,?,1,2,0.5
1,:,1,3,0.3333333333333333
nosotros,1,1,8,0.125
vas,ir,1,3,0.3333333333333333
no,vas,1,56,0.017857142857142856
est√°,&,1,1,1.0
ya,est√°,1,32,0.03125
libre,&,1,1,1.0
tiene,libre,1,5,0.2
12,tiene,1,1,1.0
las,12,1,8,0.125
que,ma√±ana,1,61,0.01639344262295082
$,nos,1,416,0.002403846153846154
fuimos,gabygod,1,1,1.0
ya,fuimos,1,32,0.03125
uuuuuuuuh,&,1,1,1.0
$,uuuuuuuuh,1,416,0.002403846153846154
imagenes,?,1,1,1.0
me,presion√≥,1,24,0.041666666666666664
me,amenazo,1,24,0.041666666666666664
veremos,?,1,1,1.0
amenazo,&,1,1,1.0
separar,esto,1,1,1.0
a,separar,1,47,0.02127659574468085
se,va,1,28,0.03571428571428571
o,se,1,4,0.25
4,?,1,1,1.0
de,4,1,54,0.018518518518518517
equipo,de,1,6,0.16666666666666666
ser,equipo,1,2,0.5
",",va,1,64,0.015625
entend√≠,.,1,3,0.3333333333333333
no,entend√≠,1,56,0.017857142857142856
horas,gabygod,1,1,1.0
1,horas,1,3,0.3333333333333333
en,1,1,17,0.058823529411764705
regresa,en,1,1,1.0
que,regresa,1,61,0.01639344262295082
enoj√≥,&,1,1,1.0
se,enoj√≥,1,28,0.03571428571428571
qu√©,se,1,8,0.125
creo,qu√©,1,12,0.08333333333333333
popue,&,1,6,0.16666666666666666
saco,popue,1,2,0.5
ya,me,1,32,0.03125
con,imagenes,1,18,0.05555555555555555
solo,con,1,9,0.1111111111111111
hacer,solo,1,6,0.16666666666666666
puede,hacer,1,3,0.3333333333333333
modelado,?,1,1,1.0
de,modelado,1,54,0.018518518518518517
la,de,1,29,0.034482758620689655
con,la,1,18,0.05555555555555555
el,de,1,47,0.02127659574468085
hablar,con,1,1,1.0
vamos,hablar,1,4,0.25
llevamos,nada,1,1,1.0
no,llevamos,1,56,0.017857142857142856
sobreviv√≠,.,1,1,1.0
",",sobreviv√≠,1,64,0.015625
su√©teeeeeeer,&,1,1,1.0
traigo,su√©teeeeeeer,1,1,1.0
no,traigo,1,56,0.017857142857142856
y,no,1,32,0.03125
cielo,y,1,1,1.0
el,cielo,1,47,0.02127659574468085
cayendo,el,1,1,1.0
esta,cayendo,1,15,0.06666666666666667
Ô∏è,&,1,4,0.25
gabygod,‚ö†,1,58,0.017241379310344827
cuidado,gabygod,1,1,1.0
con,cuidado,1,18,0.05555555555555555
√©l,de,1,3,0.3333333333333333
de,anal√≠tica,1,54,0.018518518518518517
anal√≠tica,avanza,1,1,1.0
da,pena,1,2,0.5
alzheimer,se,1,2,0.5
del,alzheimer,1,17,0.058823529411764705
idea,del,1,1,1.0
tu,idea,1,4,0.25
5215512499392,tu,1,19,0.05263157894736842
una,?,1,11,0.09090909090909091
vamos,de,1,4,0.25
4107,&,1,1,1.0
$,4107,1,416,0.002403846153846154
pena,&,1,1,1.0
le,da,1,14,0.07142857142857142
avanza,?,1,1,1.0
popue,le,1,6,0.16666666666666666
a,popue,1,47,0.02127659574468085
pero,a,1,13,0.07692307692307693
preguntando,gabygod,1,1,1.0
$,preguntando,1,416,0.002403846153846154
prefectura,&,1,1,1.0
en,prefectura,1,17,0.058823529411764705
vale,",",1,5,0.2
stuart,&,1,2,0.5
$,stuart,1,416,0.002403846153846154
$,ahorita,1,416,0.002403846153846154
ahorita,te,1,2,0.5
te,envio,1,16,0.0625
entonces,de,1,5,0.2
el,consejo,1,47,0.02127659574468085
por,el,1,20,0.05
gracias,por,1,21,0.047619047619047616
exclamacion,?,1,1,1.0
",",exclamacion,1,64,0.015625
interrogacion,",",1,1,1.0
de,interrogacion,1,54,0.018518518518518517
signos,de,1,1,1.0
eliminaste,signos,1,8,0.125
5215512499392,eliminaste,1,19,0.05263157894736842
sponch,&,1,1,1.0
del,sponch,1,17,0.058823529411764705
haciendo,lo,1,3,0.3333333333333333
chinga,haciendo,1,1,1.0
en,chinga,1,17,0.058823529411764705
anda,en,1,1,1.0
que,anda,1,61,0.01639344262295082
contesta,por,1,1,1.0
no,contesta,1,56,0.017857142857142856
jsjsjsjs,no,1,2,0.5
so√±ando,con,1,1,1.0
esta,so√±ando,1,15,0.06666666666666667
today,&,1,1,1.0
consejo,gabygod,1,1,1.0
una,lo,1,11,0.09090909090909091
teor√≠a,bien,1,5,0.2
lo,manoooo,1,29,0.034482758620689655
al,principio,1,10,0.1
$,al,1,416,0.002403846153846154
memorizar,&,1,1,1.0
que,memorizar,1,61,0.01639344262295082
#,&,1,1,1.0
$,#,1,416,0.002403846153846154
olvida,&,1,1,1.0
se,olvida,1,28,0.03571428571428571
no,se,1,56,0.017857142857142856
octubre,&,1,2,0.5
$,7,1,416,0.002403846153846154
gabygood,&,1,2,0.5
octubre,gabygood,1,2,0.5
el,7,1,47,0.02127659574468085
iremos,el,1,3,0.3333333333333333
god,&,1,2,0.5
$,god,1,416,0.002403846153846154
sponjocito,gabygod,1,1,1.0
puso,sponjocito,1,1,1.0
te,puso,1,16,0.0625
cu√°nto,te,1,1,1.0
$,cu√°nto,1,416,0.002403846153846154
manoooo,üôè,1,1,1.0
$,today,1,416,0.002403846153846154
hou,gabygod,1,1,1.0
entrega,hou,1,1,1.0
se,entrega,1,28,0.03571428571428571
era,la,1,1,1.0
cual,era,1,2,0.5
duplicados,&,1,1,1.0
eliminaron,duplicados,1,1,1.0
cuando,eliminaron,1,1,1.0
$,cuando,1,416,0.002403846153846154
spongy,&,1,1,1.0
$,spongy,1,416,0.002403846153846154
mosso,?,1,1,1.0
$,mosso,1,416,0.002403846153846154
info,&,1,1,1.0
la,info,1,29,0.034482758620689655
por,la,1,20,0.05
vale,gabygod,1,5,0.2
meno,&,1,2,0.5
$,meno,1,416,0.002403846153846154
procedencia,?,1,1,1.0
dudosa,procedencia,1,1,1.0
de,dudosa,1,54,0.018518518518518517
escum,de,1,1,1.0
la,escum,1,29,0.034482758620689655
directivos,de,1,1,1.0
de,directivos,1,54,0.018518518518518517
la,condicion,1,29,0.034482758620689655
condicion,?,1,1,1.0
$,habl,1,416,0.002403846153846154
subiste,3,1,1,1.0
acaba,lo,1,1,1.0
no,acaba,1,56,0.017857142857142856
todavia,no,1,1,1.0
y,todavia,1,32,0.03125
durmio,y,1,1,1.0
se,durmio,1,28,0.03571428571428571
josue,se,1,2,0.5
que,josue,1,61,0.01639344262295082
cosas,:,1,1,1.0
3,cosas,1,5,0.2
y,subiste,1,32,0.03125
habl,de,1,1,1.0
muevo,jsjsjs,1,1,1.0
le,muevo,1,14,0.07142857142857142
okei,",",1,1,1.0
$,okei,1,416,0.002403846153846154
mmmmm,&,1,1,1.0
$,mmmmm,1,416,0.002403846153846154
reultaron,?,1,1,1.0
cuantos,reultaron,1,1,1.0
final,cuantos,1,2,0.5
nlp,&,1,7,0.14285714285714285
principio,teor√≠a,1,1,1.0
bien,ez,1,4,0.25
envio,la,1,1,1.0
introduccion,y,1,1,1.0
00,para,1,2,0.5
:,00,1,11,0.09090909090909091
00,:,1,2,0.5
$,00,1,416,0.002403846153846154
indicaciones,xd,1,1,1.0
dandonos,indicaciones,1,1,1.0
sagal,dandonos,1,9,0.1111111111111111
del,sagal,1,17,0.058823529411764705
audio,del,1,3,0.3333333333333333
$,audio,1,416,0.002403846153846154
kevin,&,1,1,1.0
el,kevin,1,47,0.02127659574468085
tiempo,&,1,4,0.25
haga,tiempo,1,2,0.5
que,haga,1,61,0.01639344262295082
termin√©,.,1,1,1.0
lo,termin√©,1,29,0.034482758620689655
ni,lo,1,2,0.5
yo,ni,1,12,0.08333333333333333
modelo,&,1,4,0.25
quer√≠a,modelo,1,1,1.0
no,quer√≠a,1,56,0.017857142857142856
pero,no,1,13,0.07692307692307693
la,introduccion,1,29,0.034482758620689655
y,justificacion,1,32,0.03125
ez,de,1,1,1.0
justificacion,",",1,1,1.0
empiezo,a,1,1,1.0
ma√±ana,empiezo,1,8,0.125
yo,ma√±ana,1,12,0.08333333333333333
disculpa,gabygod,1,1,1.0
una,disculpa,1,11,0.09090909090909091
pido,una,1,1,1.0
te,pido,1,16,0.0625
oh,",",1,2,0.5
correo,del,1,2,0.5
el,correo,1,47,0.02127659574468085
tienes,el,1,3,0.3333333333333333
$,tienes,1,416,0.002403846153846154
preocupaste,?,1,1,1.0
te,preocupaste,1,16,0.0625
o,ya,1,4,0.25
iremos,gabygod,1,3,0.3333333333333333
si,iremos,1,22,0.045454545454545456
extenderlo,&,1,1,1.0
hizo,extenderlo,1,1,1.0
se,hizo,1,28,0.03571428571428571
resumen,que,1,2,0.5
del,resumen,1,17,0.058823529411764705
",",del,1,64,0.015625
pasaaa,&,1,1,1.0
$,pasaaa,1,416,0.002403846153846154
4109,&,1,1,1.0
$,4109,1,416,0.002403846153846154
hecho,&,1,1,1.0
han,hecho,1,1,1.0
ya,han,1,32,0.03125
pr√°cticas,que,1,1,1.0
las,pr√°cticas,1,8,0.125
de,las,1,54,0.018518518518518517
final,preguntas,1,2,0.5
idf,&,1,1,1.0
buenos,dias,1,1,1.0
tf,-,1,1,1.0
hacer,tf,1,6,0.16666666666666666
y,hacer,1,32,0.03125
texto,y,1,1,1.0
un,texto,1,15,0.06666666666666667
normalizar,un,1,2,0.5
de,normalizar,1,54,0.018518518518518517
ejercicio,de,1,1,1.0
un,ejercicio,1,15,0.06666666666666667
luego,un,1,2,0.5
",",luego,1,64,0.015625
m√∫ltiple,",",1,1,1.0
opci√≥n,m√∫ltiple,1,1,1.0
de,opci√≥n,1,54,0.018518518518518517
$,esta,1,416,0.002403846153846154
esta,f√°cil,1,15,0.06666666666666667
f√°cil,la,1,1,1.0
oyeee,",",1,1,1.0
chi,&,1,1,1.0
$,chi,1,416,0.002403846153846154
meno,.,1,2,0.5
",",meno,1,64,0.015625
chiale,",",1,1,1.0
$,chiale,1,416,0.002403846153846154
ma√±ana,con,1,8,0.125
presentar,ma√±ana,1,1,1.0
a,presentar,1,47,0.02127659574468085
",",vas,1,64,0.015625
$,oyeee,1,416,0.002403846153846154
verdad,&,1,3,0.3333333333333333
mimir,gabygod,1,2,0.5
regex,&,1,1,1.0
de,regex,1,54,0.018518518518518517
3,preguntas,1,5,0.2
como,3,1,8,0.125
hay,como,1,4,0.25
que,hay,1,61,0.01639344262295082
decirles,que,1,1,1.0
olvid√≥,decirles,1,2,0.5
tambi√©n,se,1,7,0.14285714285714285
grupo,de,1,1,1.0
un,grupo,1,15,0.06666666666666667
estas,en,1,3,0.3333333333333333
jam√°s,supe,1,1,1.0
comiste,&,1,1,1.0
las,comiste,1,8,0.125
te,las,1,16,0.0625
uvas,&,1,1,1.0
235,uvas,1,1,1.0
$,235,1,416,0.002403846153846154
30,&,1,2,0.5
9,:,1,1,1.0
5215565635201,9,1,9,0.1111111111111111
5215512499392,@,1,19,0.05263157894736842
nuevo,@,1,1,1.0
a√±o,nuevo,1,2,0.5
feliz,a√±o,1,1,1.0
$,feliz,1,416,0.002403846153846154
visto,con,1,2,0.5
hemos,visto,1,1,1.0
que,hemos,1,61,0.01639344262295082
es,lo,1,13,0.07692307692307693
que,es,1,61,0.01639344262295082
confirm√≥,que,1,1,1.0
$,confirm√≥,1,416,0.002403846153846154
xdd,&,1,1,1.0
semestre,xdd,1,2,0.5
$,jam√°s,1,416,0.002403846153846154
supe,a,1,1,1.0
que,estas,1,61,0.01639344262295082
a,que,1,47,0.02127659574468085
exacto,&,1,1,1.0
$,exacto,1,416,0.002403846153846154
siento,&,1,2,0.5
caf√©,jr,1,1,1.0
tomaras,caf√©,1,1,1.0
no,tomaras,1,56,0.017857142857142856
visto,&,1,2,0.5
hab√≠a,visto,1,1,1.0
lo,hab√≠a,1,29,0.034482758620689655
este,no,1,12,0.08333333333333333
jajajaja,este,1,5,0.2
$,x3,1,416,0.002403846153846154
enojo,@,1,1,1.0
se,enojo,1,28,0.03571428571428571
ya,se,1,32,0.03125
5215512499392,ya,1,19,0.05263157894736842
correo,&,1,2,0.5
ese,correo,1,3,0.3333333333333333
hasta,ese,1,2,0.5
credenciales,hasta,1,1,1.0
con,credenciales,1,18,0.05555555555555555
referia,con,1,1,1.0
se,referia,1,28,0.03571428571428571
de,semestre,1,54,0.018518518518518517
inici√≥,de,1,1,1.0
el,inici√≥,1,47,0.02127659574468085
desde,el,1,1,1.0
ya,le,1,32,0.03125
diego,ya,1,1,1.0
",",diego,1,64,0.015625
elegir,",",1,1,1.0
que,elegir,1,61,0.01639344262295082
tienes,que,1,3,0.3333333333333333
y,tienes,1,32,0.03125
lineal,&,1,1,1.0
algebra,lineal,1,1,1.0
de,algebra,1,54,0.018518518518518517
repaso,de,1,1,1.0
un,repaso,1,15,0.06666666666666667
de,un,1,54,0.018518518518518517
exposiciones,de,1,1,1.0
empezamos,exposiciones,1,1,1.0
semana,empezamos,1,2,0.5
siguiente,semana,1,1,1.0
la,siguiente,1,29,0.034482758620689655
cierto,la,1,4,0.25
patrocino,@,1,1,1.0
que,patrocino,1,61,0.01639344262295082
tarea,que,1,2,0.5
la,tarea,1,29,0.034482758620689655
le,dijo,1,14,0.07142857142857142
que,pues,1,61,0.01639344262295082
pues,estas,1,2,0.5
los,dias,1,11,0.09090909090909091
hablando,desde,1,2,0.5
lo,esta,1,29,0.034482758620689655
todo,de,1,5,0.2
esta,todo,1,15,0.06666666666666667
lit,esta,1,1,1.0
$,lit,1,416,0.002403846153846154
viniste,.,1,1,1.0
no,viniste,1,56,0.017857142857142856
que,no,1,61,0.01639344262295082
dias,que,1,2,0.5
para,los,1,13,0.07692307692307693
estas,faltando,1,3,0.3333333333333333
esponjosito,",",1,8,0.125
hablando,el,1,2,0.5
reproducci√≥n,de,1,1,1.0
de,reproducci√≥n,1,54,0.018518518518518517
lista,de,1,1,1.0
una,lista,1,11,0.09090909090909091
esta,una,1,15,0.06666666666666667
aqu√≠,esta,1,1,1.0
",",aqu√≠,1,64,0.015625
faltando,&,1,1,1.0
$,alguien,1,416,0.002403846153846154
alguien,ha,1,1,1.0
ha,trabajado,1,2,0.5
yo,le,1,12,0.08333333333333333
confirmo,x3,1,2,0.5
olvid√≥,x2,1,2,0.5
sisisis,&,1,1,1.0
$,sisisis,1,416,0.002403846153846154
ajjssjsjs,&,1,1,1.0
olvidoooo,ajjssjsjs,1,1,1.0
me,olvidoooo,1,24,0.041666666666666664
nomaaaaaaa,",",1,1,1.0
$,nomaaaaaaa,1,416,0.002403846153846154
masiosare,&,1,1,1.0
sea,masiosare,1,1,1.0
aunque,sea,1,1,1.0
$,aunque,1,416,0.002403846153846154
considerado,.,1,1,1.0
muy,considerado,1,3,0.3333333333333333
eres,muy,1,3,0.3333333333333333
",",eres,1,64,0.015625
gracias,pop,1,21,0.047619047619047616
ü´°,&,1,1,1.0
gusto,ü´°,1,2,0.5
mucho,gusto,1,2,0.5
con,mucho,1,18,0.05555555555555555
digo,con,1,4,0.25
$,hnyork,1,416,0.002403846153846154
hnyork,&,1,1,1.0
$,recordar,1,416,0.002403846153846154
el,mi√©rcoles,1,47,0.02127659574468085
a,gabygod,1,47,0.02127659574468085
apoyo,a,1,1,1.0
$,apoyo,1,416,0.002403846153846154
puentecito,&,1,1,1.0
buen,puentecito,1,1,1.0
que,buen,1,61,0.01639344262295082
entend√≠,xd,1,3,0.3333333333333333
ya,entend√≠,1,32,0.03125
tambi√©n,de,1,7,0.14285714285714285
mi√©rcoles,tambi√©n,1,1,1.0
dar,el,1,2,0.5
recordar,el,1,1,1.0
quieren,dar,1,1,1.0
no,quieren,1,56,0.017857142857142856
diles,que,1,1,1.0
$,diles,1,416,0.002403846153846154
confirmo,x2,1,2,0.5
vida,.,1,1,1.0
la,vida,1,29,0.034482758620689655
hny,de,1,4,0.25
√∫ltimo,hny,1,1,1.0
el,√∫ltimo,1,47,0.02127659574468085
le,digo,1,14,0.07142857142857142
si,pop,1,22,0.045454545454545456
trabajado,con,1,1,1.0
jajajajaja,&,1,1,1.0
mmmm,son,1,1,1.0
"""",mmmm,1,2,0.5
$,"""",1,416,0.002403846153846154
escuche,&,1,1,1.0
solo,escuche,1,9,0.1111111111111111
yo,solo,1,12,0.08333333333333333
chicas,&,1,2,0.5
tiempo,chicas,1,4,0.25
el,tiempo,1,47,0.02127659574468085
pasa,el,1,2,0.5
r√°pido,pasa,1,1,1.0
que,r√°pido,1,61,0.01639344262295082
a√±o,&,1,2,0.5
ultimo,a√±o,1,1,1.0
$,ultimo,1,416,0.002403846153846154
equipo,?,1,6,0.16666666666666666
en,equipo,1,17,0.058823529411764705
trabaja,en,1,1,1.0
como,trabaja,1,8,0.125
saben,como,1,1,1.0
o,saben,1,4,0.25
porto,o,1,1,1.0
con,porto,1,18,0.05555555555555555
son,muy,1,2,0.5
muy,poquitas,1,3,0.3333333333333333
poquitas,"""",1,1,1.0
malo,&,1,1,1.0
$,jajajajaja,1,416,0.002403846153846154
hny,gabygod,1,4,0.25
pasa,nada,1,2,0.5
no,pasa,1,56,0.017857142857142856
pop,&,1,6,0.16666666666666666
tiste,pop,1,1,1.0
pongas,tiste,1,1,1.0
te,pongas,1,16,0.0625
uuuuuuuh,&,1,1,1.0
$,uuuuuuuh,1,416,0.002403846153846154
el,malo,1,47,0.02127659574468085
"""",&,1,2,0.5
fue,el,1,3,0.3333333333333333
siempre,fue,1,1,1.0
$,siempre,1,416,0.002403846153846154
a,gaby,1,47,0.02127659574468085
mentiste,a,1,1,1.0
le,mentiste,1,14,0.07142857142857142
disocie,&,1,1,1.0
me,disocie,1,24,0.041666666666666664
despu√©s,me,1,1,1.0
y,despu√©s,1,32,0.03125
dije,nada,1,1,1.0
