features,section
Récord 96 mil asistente pelea Dubois Joshua hoy Wembley Londres Daniel Dubois nuevo estrella del boxeo mundial dos vez campeón del orbe Anthony Joshua disputar hoy cinturón peso pesado Federación Internacional Boxeo ( FIB ) multitud récord 96 mil persona catedral del futbol Wembley,Deportes
América no estar formar jugador decir Jardine ser América uno club menos minuto haber dar juvenil timonel del plantel André Jardine mostrar regla menor tener intención impulsar joven talento al señalar prioridad Liga Mx ser ganar torneo no formación jugador beneficio selección México,Deportes
Fátima Herrera miedo nada hacer historia ring París 2024 surgimiento referente deporte mujer comenzar forjar nuevo talento inspira-da proeza Jackie Nava Ana María Guerrera Torres Fátima Herrera pelear llegar París 2024 hacer historia al convertir él primero boxeadora mexicano conseguir victoria Juegos Olímpicos,Deportes
Pumas femenil dejar escapar tres punto cu pese generar diverso oportunidad gol Pumas no lograr pa-sar del empate 0-0 Querétaro dejar escapar valioso punto permitir afianzar él primero lugar clasificación general del torneo Apertura 2024 Liga Mx Femenil,Deportes
Cae dupla Zverev-Alcaraz dupla Carlos Alcaraz-Alexander Zverev caer pareja estadunidense formado Taylor Fritz Ben Shelton 7-6 ( 7/5 ) 6-4 dejar marcador 2-2 al final primero jornada Laver Cup disputar Berlín impulsado Roger Federer 2017 competencia – exhibición inspirado Ryder Cup golf llamado homenaje al jugador australiano Rod Laver – enfrentar seis jugador Europa mismo número representante del resto del mundo,Deportes
México perder penales leyenda FIFA plantel repleto figura otro época equipo leyenda FIFA Monterrey protagonizar partido exhibición congregar mil persona estadio BBVA actual casa Rayados sed México Copa del Mundo 2026 Andrea pir él Dwayne Rosario Youri Djorkaeff marcar internacional mientras ex seleccionado tricolor Luis Hernández Miguel Layún Jorge Campos lograr empate tres penales representante FIFA imponer 5-4 dar inactividad participante retiro profesional organizador ajustar dimensión del terreno juego leyenda FIFA estar arquero Gianluigi Buffon Alessandro del Piero Didier Drogba Carles Puyol Xavi Hernández Diego Forlán México destacar Oribe Peralta Luis Hernádez Jorge Campos Guillermo Franco Paul Aguilar técnico Bora Milutinovic,Deportes
Tuzos salir crisis derrotar al Puebla visita Pachuca reordenar pieza rompecabeza victoria fecha anterior Tuzos volver ganar Liga Mx al imponer él 3-2 al Puebla estadio Cuauhtémoc mucho tener ver debilidad defensivo Franja más contundencia delantero Salomón Rondón Nelson Deossa ser figura ataque,Deportes
Jaime Munguía regresar grande ganar nocaut Jaime Munguía regresar al ring plan grande duro pelea canadiense Erik Bazinyan Glendale Arizona pugilista mexicano conseguir victoria del nocaut décimo asalto poderoso gancho mano izquierdo ocasionar derrumbe rival Bazinyan intentar parar él recibir cuenta del réferi no encontrar fuerza pierna aceptar derrota combate dejar mano del tijuanense título plata peso supermediano del CMB ser pelea fuerte pesado ninguno momento Bazinyan lastimar tener ir abriéndolo poco poco ahora querer mejor pelea siguiente año gustar enfrentar Caleb Plant Édgar Berlanga declarar Munguía no pelear derrota tapatío Saúl Canelo Álvarez,Deportes
Verstappen castigado lenguaje grosero Norris liderar práctica Max Verstappen caer nuevo espiral error perseguir Red Bull jornada ensayo libre del gran Premio Singapur tricampeón mundial Fórmula 1 lograr cuarto mejor tiempo primero ronda ser lugar 15 quejar él falta adherencia goma quedar 1.2 segundo del líder Lando Norris ( McLaren ) brillar circuito urbano Mari-na Bay delante del monegasco Charles Leclerc Carlos Sainz ( Ferrari ) mexicano Sergio Pérez ubicar octavo puesto,Deportes
Ohtani desata euforio prensa japonés proeza Shohei Ohtani convertir primero pelotero Grandes Ligas 50 jonrón 50 base robado temporada ser celebrar edición extra periódico aficio-nado leyerar camino al trabajo viernes Japón,Deportes
Lun representar escena magia infancia enigma existencia magia infancia enigma existencia riesgo pérdida memoria entrelazar Lun propuesta escénico llegar al Teatro Artes del Centro Nacional Artes ( Cenart ) partir este fin semana,Cultura
develacer AMLO estatuo Catarino Garza Rodríguez próximo lunes presidente Andrés Manuel López Obrador inaugurar estatua honor del revolucionario Catarino Garza Rodríguez precursor del alzamiento revolucionario dictadura Porfirio Díaz video definir Garza Rodríguez idealista soñador guardar circunstancia cada uno similar Ernesto Che Guevara,Cultura
Xalapa indignar destrucción escultura posterior uso relleno zanja Coatl escultura monumental ceramista Rocío Sagaón ( 1933-2015 ) Laura Navarro ubicado parque Natura Xalapa Veracruz ser destruir usado relleno empresa contratado gobierno encabezar Cuitláhuac García Jiménez desarrollar proyecto Naturalia refugio vida silvestre instalar dentro del bosque urbano,Cultura
ó Instrucciones salir del agua desmontar mito Ofelia mirada feminista Ser no ser escuchar escena famoso frase no pronuncia Hamlet mujer cuestionar opción ser morir dormir tal vez soñar tratar propuesta escénico Ó Instrucciones salir del agua conjugar teatro físico danza repensar al personaje shakesperiano Ofelia mirada moderno feminista María Fernanda Baez interpretar unipersonal iniciar temporada teatro Milagro,Cultura
Angélica Azuara recomendar Jornada trinchera puesto periódico Angélica Azuara puesto periódico trabajar hacer 15 año ser también trinchera haber tocar evadir recibir dardo censura sexenio anterior ment panista cerrado hoy día,Cultura
quedar corto al hablar significar Jornada México hacer poco más 40 año haber más periodismo decir él alguno manera además grande diario estar otro Figaro Cine Mundial Redondel segundo Ovaciones últimas Noticias Extra hoy ser cochinada cualquiera ser difusor noticia no noticia estar otro lado ese panorama qué importante ser existir Jornada dar lugar lector,Cultura
Carlos Fernández-Vega México SA Ernesto Zedillo ser uno seis depredador del Estado instalado Pinos régimen neoliberal al igual otro gerente mismo estirpe dedicar entregar bien nación al gran capital sello sexenal ser ilegal rescate banca Fobaproa este personaje ahora intentar reivindicar derecha autóctono ser más allá siempre interés nacional,Economía
Reserva Federal EU no ser referente política monetario global banco central diverso país realizar serie movimiento tasa interés semana encabezado Reserva Federal Estados Unidos ( Fed ) miércoles recortar tasa referencia primero vez 2020,Economía
ser innecesario reforma fiscal siguiente sexenio presidente Andrés Manuel López Obrador asegurar no ser necesario reforma fiscal futuro mantener fórmula combate corrupción política austeridad republicano,Economía
terminar semana peso pérdida uno ciento peso cerrar retroceso uno ciento semana marcado anuncio política monetario del banco central Estados Unidos también afectado cautela inversionista aguardar anuncio del Banco México próximo semana,Economía
BdeM recortar tasa cuarto punto anticipa encuesta Analistas económico consultado Citibanamex anticipar nuevo recorte 0.25 punto porcentual tasa interés referencia del Banco México ( BdeM ) reunión próximo semana estimar ubicar 10 ciento al cierre 2024,Economía
China campo batalla Apple Huawei nuevo teléfono alto gama nuevo modelo Apple Huawei salir venta manera simultáneo este viernes China usuario hacer larga fila adquirir dispositivo alto gama dos marca competir mercado chino uno más grande importante ambos compañía,Economía
Silvia Ribeiro * Ayotzinapa impunidad olvido saber paradero justicia tortuoso camino encubrimiento impunidad cumplir este 26 septiembre 10 año desaparición forzado 43 estudiante escuela normal Raúl Isidro Burgos Ayotzinapa asesinato seis persona tres estudiant,Economía
Mexicana presentar avión Embraer sumar flota 2025 Zumpango Méx fin consolidar él industria del transporte aéreo nacional Mexicana Aviación aerolínea del Estado mexicano presentar avión Embraer E195-E2 modelo del adquirir 20 unidad aerolínea empezar recibir partir mayo 2025,Economía
China sufrir exceso ... leche mercado leche China enfrentar situación complicado exceso oferta bajo demanda pérdida millonario,Economía
EU pedir implementación riguroso plan certificación aguacate México venta aguacate mexicano Estados Unidos haber disparar 48% 2019 alcanzar valor más 3.000 millón dólares año pasado,Economía
Banqueros pedir evitar arbitraje regulatorio licencia bancario presidente ABM decir producto ofrecer cada institución financiero deber tener regulación igual mantener incentivo inversión país,Economía
banquero esperar ley secundaria reforma judicial dar certidumbre aprobación reforma al Poder Judicial banquero esperar ley secundario afinar detalle permitir reforma exitoso,Economía
Slim criticar dinero gastar jubilado pedir combatir pobreza hombre más rico México decir recurso recibir actualmente mayor 65 año deber usar él sacar 6 millón persona pobreza extremo,Economía
eliminación subsidio gasolina impedir baja precio medida disminución estímulo fiscal obedecer más necesidad incrementar recaudación impuesto reducir déficit fiscal considerar especialista,Economía
México impugnacer fallo determinar pago 37 mdd Odyssey Marine Exploration empresa estadounidense ganar arbitraje internacional México considerar Semarnat negar arbitrariamente permiso proyecto minero marino Baja California Sur,Economía
24% crédito hipotecario ser cofinanciar Infonavit Fovissste Asociación Bancos México decir enero julio este año 16.100 crédito haber dar banca haber tener cofinanciamiento instituto trabajador,Economía
Yellen considerar señal mucho positivo recorte tasa Fed medida reflejar confianza parte Fed inflación ceder estar camino meta 2% ( anual ) expresar secretaria del Tesoro EU,Economía
CNBV buscar regular report ciberseguridad regulador buscar todo empresa ofrecer servicio financiero der homologar criterio reportar haber ser víctima ataque cibernético,Economía
Recorte Fed dar margen maniobra Banco México decisión política monetario del banco central estadounidense Banxico tener oportunidad mantener amplio diferencial tasa asegurar analista,Economía
Claudia Sheinbaum reunir empresario Estados Unidos octubre medio voz empresarial decir inversión haber detener reforma judicial Marcelo Ebrard anunciar asistencia próximo presidenta México CEO Dialogue,Economía
¿ dónde haber mayor brecha salarial género México ? Banxico realizar análisis brecha salarial género región México resultado demostrar norte ser haber mayor diferencia remuneración hombre mujer,Economía
¿ qué ser importante tener seguro negocio ? seguro no solo cubrir daño material también poder asegurar continuidad operación caso siniestro destacar AMIS,Economía
Peligra economía México Trump ganar cumplir arancel Moody's agencia calificadoro anticipar economía mexicano sufrir recesión 2025 mayor inflación,Economía
RappiCard alcanzar 5.107 millón pesos cartera crédito empresa resaltar partir estrategia ser ofrecer proceso solicitud aprobación solo dos minuto entrega tarjeta físico 30 minuto,Economía
Fed bajar tasa medio punto porcentual aducir confianza control inflación responsable política monetario prever tipo referencia Reserva Federal caer otro medio punto porcentual final este año,Economía
Mercado Pago recibir financiamiento JP Morgan apoyar Pymes mexicano plataforma lograr acuerdo banco inversión 250 millón dólares apoyar pequeño negocio país,Economía
número súper rico disparar Estados Unidos China población China al menos 100 millón dólares cuenta haber duplicar último 10 año,Economía
Infonavit manejar 2.4 billón pesos activo Carlos Martínez fondo del instituto haber aumentar aumento salarial mayor aportación patronal fiscalización empresa programa regularización crédito,Economía
impacto del nearshoring tendencia laboral MetLife México escasez talento calificado importancia beneficio competitivo necesidad cultura organizacional sólido ser principal desafío enfrentar empresa,Economía
Sofipos ver oportunidad figura pesar migración bancario Asociación Mexicana Sofipos ( AMS ) considerar nuevo regulación institución poder seguir crecer ayuda regulación tecnología,Economía
Afores registrar ganancia agosto más alto 9 mes Afores registrar plusvalía 231.284.6 millón pesos agosto monto más alto noviembre del año pasado,Economía
ser mercancía más importar México exterior país más compra México ser Estados Unidos representar casi 43% del total importación seguido China 20% Japón 3%,Economía
SAT obtener 191.506 mdp eficiencia recaudatorio 2024 mayor eficiencia recaudatorio deber principalmente programa Cumplimiento Obligaciones Vigilancia Profunda Cobranza Coactiva,Economía
Cetes reducir rendimiento previo decisión Banxico próximo semana Banco México ( Banxico ) dar conocer decisión política monetario Cetes disminuir rendimiento todo plazo,Economía
gobierno Sheinbaum necesitar nuevo política atraer inversión consumado desaparición proméxico esfuerzo atraer inversión extranjero dividir especialista cuestionar ente líder poder lograr él aún más,Economía
México eu acordar Sader supervisar aguacate exportación gobierno México Estados Unidos acordar transferencia responsabilidad agilizar comercio,Economía
no todo ser t-mec ser tratado comercial aguardar Ebrard México tener potencial ampliar diversificar exportación al menos cinco tratado además del tener Estados Unidos Canadá,Economía
Instituciones crédito incertidumbre Reforma Judicial decir Moody’s pequeño mediano empresa enfrentar desaceleración crédito dar falta certeza jurídico institución financiero no bancario,Economía
sequía impactar precio peso carne r Banxico Banco México destacar sequía provocar productor carne sacrificar al ganado antes tiempo no perder peso llegar provocar inflación mediano plazo,Economía
HR Ratings bajo previsión crecimiento 1.4% México 2024 agencia calificadoro ver ambiente incertidumbre cambio administración reforma AMLO también recortar pronóstico 2025,Economía
Gasolina Magna ir segundo semana subsidio semana del 14 al 20 septiembre consumidor pagar 6.1752 pesos Impuesto Especial Producción Servicios ( IEPS ) litro gasolina regular,Economía
Banxico proyectar apogeo del nearshoring México 2026 2030 encuesta Banco México 41.3% empresa consultado estimar mayor beneficio del proceso relocalización dar ese periodo,Economía
Fitch S&P descartar degradar calificación México reforma judicial agencia calificadora ver finanza sólido esperar prudencia fiscal Claudia Sheinbaum,Economía
ser Antonio Martínez Dagnino jefe del SAT gobierno Sheinbaum Antonio Martínez Dagnino llegar jefatura del SAT octubre del 2022 Raquel Buenrostro pasar tomar liderazgo Secretaría Economía,Economía
Pemex Infonavit ser Octavio Romero Oropeza presidenta electa Claudia Sheinbaum dar conocer Romero Oropeza estar al frente del Instituto del Fondo Nacional Vivienda Trabajadores,Economía
BBVA advertir reforma al Poder Judicial socava Estado derecho análisis del banco considerar perspectiva crecimiento económico México también poder deteriorar él,Economía
papel economía del bienestar gobierno moderno economía del bienestar priorizar salud felicidad persona colocar valor al mismo nivel incluso encima indicador económico tradicional PIB,Economía
salario programa social remesa mantener consumo México pese inflación mayor tasa interés consumo privado México haber ser pilar economía tendencia quedar poco tiempo advertir analista,Economía
Moody's prever reforma judicial debilitar calidad crediticia México cambio sistema judicial perjudicarir futuro inversión nearshoring decir agencia calificadoro,Economía
Coparmex advertir reforma judicial afectar proyecto clave economía organismo empresarial lamentar aprobación Senado República señalar ser decisión no tomar cuenta diferente voz,Economía
peso mexicano mantener 20 unidad dólar aprobación reforma judicial baja inflación EU moneda apreciar 1.48% frente 20.09 unidad dólar reportada al cierre del martes,Economía
México ir facilitar respaldar inversión EU Marcelo Ebrard aprobado reforma judicial próximo secretario Economía reviveír postear video red social decir integración dos economía avanzar paso acelerado,Economía
inversión extranjero caer estado más atractivos nearshoring falta energía eléctrico escasez agua mano obra además infraestructura rebasado transporte poner freno decisión inversión,Economía
Comce esperar inversión 48.000 mdd pese reforma judicial presidente del Consejo Empresarial Mexicano Comercio Exterior destacar prever Inversión Extranjera Directa cerrar 2024 40.000 millón dólares 11% más respecto 2023,Economía
inflación cede Banxico enfrentar más reto bajar tasa interés volatilidad tipo cambio generado avance reforma judicial representar freno al banco central bajar tasa interés referencia,Economía
rendimiento Cetes tocar nivel más enero rendimiento Cetes 28 día tener tasa más bajo enero pasado expectativa Banxico hacer más recort tasa referencia,Economía
Mexico necesitar política industrial acordar economía actual IMCO centro investigación apuntar último 20 año valor agregado producción exportación manufacturero haber estancar,Economía
ser audiencia querer conquistar iphone 16 Apple ser consciente mucho usuario iphone 15 difícilmente ir renovar smartphone haber segmento al poder seducir,Ciencia y Tecnología
Microsoft usar energía nuclear alimentar Inteligencia Artificial acuerdo Microsoft Constellation Energy permitir reactivar unidad planta nuclear Three Mile Island cubrir creciente necesidad energético,Ciencia y Tecnología
ONU formular siete recomendación regular IA ONU crear año pasado órgano consultivo 39 miembro abordar problema regulación internacional IA,Ciencia y Tecnología
caso Caliente TV anunciar apuesta transmitir Champions League compañía haber entrar ‘ guerra del streaming deportivo ’ captar parte este nicho mercado él consolidar principal negocio apuesta,Ciencia y Tecnología
IA decidir ser no apto trabajo ¿ qué hacer ver ? IA sí haber demostrar poder ser aliada espacio aplicar sesgo poder presentar aún ser inconveniente,Ciencia y Tecnología
Amazon Prime MGM Studios unir MPA empresa entretenimiento unir otro Netflix Paramount Pictures,Ciencia y Tecnología
Amazon lanzar nuevo bot ayudar crecer venta empresa dar conocer Amelia obtener dato venta inventario negocio estar plataforma,Ciencia y Tecnología
PlayStation lanzar edición limitado aspecto noventero consola evocar al aspecto del primero equipo lanzado Sony 1994 formar parte celebración 30 año,Ciencia y Tecnología
Usuarios reportar alerta sísmico nunca llegar celular IFT haber asegurar hoy empresa enviarir mensaje emergencia sismos nunca llegar Telcel asegurar alerta depender del regulador,Ciencia y Tecnología
TelevisaUnivision nombrar nuevo CEO exdirectivo Google tratar Daniel Alegre sustitución Wade Davis contar amplio experiencia empresa tecnología trabajar comunidad hispano EU México América Latina,Ciencia y Tecnología
Inversión conectividad no caer pese política judicial Neutral Networks CEO compañía Neutral Networks enfocado infraestructura crítico decir necesidad conectividad nivel usuario empresa ser más fuerte agenda política,Ciencia y Tecnología
nintendo The Pokémon Company demandar al creador Palworld empresa japonés iniciar acción legal Pocketpair debido infracción patente al desarrollar llamado Pokémon arma,Ciencia y Tecnología
televisaunivisión sustituir Wade Davis director general empresa decidir sustituir Davis Daniel Alegre debido alguno resultado compañía caer debajo expectativa interno,Ciencia y Tecnología
YouTube presentar IA hacer video ganar ‘ más ’ dinero empresa llevar cabo Made on YouTube evento también señalar número creador obtener mayor parte ingreso venir tv,Ciencia y Tecnología
IA generativo transformar operación ingreso empresarial uso IA generativo haber crecer diverso sector impulsar innovación facilitar nuevo forma operar organización,Ciencia y Tecnología
Amazon agregar PayPal método pago pedido Comprar Prime nuevo opción estar disponible usuario realizar compra sitios web tercero membresía Prime,Ciencia y Tecnología
CFE Telecom perfilar nuevo CEO impulsar proyecto internet dos fuente conocimiento del tema al interior compañía haber poner mesa nombre Emiliano Calderón Mercado ser nuevo CEO estatal telecomunicación,Ciencia y Tecnología
Google salir multa antimonopolio 1.670 mmd caso comenzar supuesto dominio anticompetitivo empresa mercado publicidad línea,Ciencia y Tecnología
e-commerce chino conquista bolsa valor dueño Alibaba Temu JD conquistar e-commerce del mundo mientras diversificar negocio,Ciencia y Tecnología
¿ cómo funcionar canje teléfono Mercado libre ? Mercado libre lanzar nuevo programa llamado Trade in smartphón poder canjear antiguo celular modelo nuevo,Ciencia y Tecnología
Malware Android permitir retirar dinero cajero automático NGate clonar dato NFC tarjeta pago retransmite atacante emular tarjeta original realizar retiro dinero cajero automático,Ciencia y Tecnología
Uber Didi operar mismo sitio del AICM pese restricción usuario continuar pedir servicio taxi aplicación Uber apuntar continuar operar regularidad,Ciencia y Tecnología
TikTok vs EU historia antaño no tener fin claro prohibición llegar enero 2025 empresa interponer demanda evitar restricción mientras candidato presidencia tampoco querer bloquear,Ciencia y Tecnología
cómo crear diario personal IA WhatsApp inteligencia artificial WhatsApp Meta AI poder aprovechar él realizar simplificar diferente tarea aquí explicar cómo crear diario personal,Ciencia y Tecnología
Alerta sísmico llegar teléfono próximo 19 septiembre IFT Telcel AT&amp;T Telefónica Bait comenzar enviar notificación emergencia sismo huracán inundación celular,Ciencia y Tecnología
ios 18 qué incluir nuevo versión cómo actualizar iphone todavía no haber integrar Apple Intelligence actualización al sistema operativo integrar serie mejora,Ciencia y Tecnología
ahora usuario Uber también deber verificar identidad Uber implementar nuevo verificación identidad pasajero objetivo ofrecer mayor seguridad conductor evitar fraude plataforma,Ciencia y Tecnología
Intel Amazon firmar acuerdo comercial mercado recibir empresa tecnología trabajar conjunto coinversión diseño chip personalizado negocio nube big tech AWS,Ciencia y Tecnología
OpenAI creer junta seguridad capaz detener nuevo lanzamiento empresa buscar mejorar proceso protección confianza transparencia medio búsqueda nuevo ronda financiación multimillonario,Ciencia y Tecnología
Instagram lanza contar adolescente control parental usuario menor 16 año sólo poder recibir mensaje ser etiquetar cuenta seguir estar conectado,Ciencia y Tecnología
¿ servicio al cliente manos IA ser mejor humano ? más mitad profesional servicio al cliente ocupar alguno software impulsado IA esperar continuar crecer,Ciencia y Tecnología
Intel aplazar proyecto instalar fábrica Alemania Polonia anuncio presentar después revelarir empresa recibir 3.000 millón dólares del gobierno estadounidense fabricar semiconductor,Ciencia y Tecnología
Amazon despedir del home office empleado regresar oficina 2025 empresa haber permitir mucho empleado trabajar casa pandemia haber dejar oficina casi vacío varios ciudad San Francisco Seattle,Ciencia y Tecnología
Rappi considerar debutar Bolsa Nueva York año Rappi operar nueve país región ser considerar unicornio tecnológico valoración superar 5.000 millón dólares,Ciencia y Tecnología
TikTok Departamento Justicia enfrentar tribunal EU abogado TikTok enfrentar al Departamento Justicia tribunal Washington destino ley poder prohibir aplicación vídeo corto,Ciencia y Tecnología
¿ cómo beneficiar Altán Redes desaparición del IFT ? eliminación del IFT Ejecutivo tener facultad adjudicar directamente espectro Altán plan cierre brecha digital volver él más competitivo AT&amp;T Telcel,Ciencia y Tecnología
Telefónica Megacable aplicar medida seguridad Culiacán compañía telecomunicación decidir modificar operación sucursal garantizar seguridad trabajador entidad haber ser azotar violencia,Ciencia y Tecnología
Intel lograr acuerdo 3.500 mdd fabricar chip ejército tratar programa secreto llamado Secure Enclave buscar establecer producción chip avanzado aplicación militar Inteligencia,Ciencia y Tecnología
Brasil desbloquear cuenta Starlink X transferencia 3 mdd juez del Supremo Tribunal decir levantamiento ordenar cantidad transferido arca Brasil alcanzar total X deber al país concepto multa,Ciencia y Tecnología
¿ cuánto dar Apple iphone abonar compra uno nuevo ? programa Trade In recibir equipo iphone 2020 15 Pro Max bonificación máximo 20.000 pesos,Ciencia y Tecnología
Telmex suspender atención queja Centros servicio Culiacán Sindicato Telefonistas decir debido enfrentamiento armado entidad decidir no abrir tienda centro trabajo resguardar integridad técnico,Ciencia y Tecnología
¿ cómo usar nuevo función texto Instagram ? nuevo herramienta texto incluir más fuente efecto posibilidad agregar texto superpuesto publicación del feed,Ciencia y Tecnología
líder tecnológico acudir Casa Blanca hablar IA CNN Funcionarios alto rango líder tecnológico dar cita hablar recurso energético infraestructura necesario impulsar herramienta,Ciencia y Tecnología
OpenAI lanzar nuevo serie modelo IA capacidad razonamiento modelo conocido internamente strawberry tener alto calificación prueba matemática codificación empresa reconocer aún poder dar respuesta limitado,Ciencia y Tecnología
UE ahora ir empresa videojuego después tener foco torno big tech organismo regulador buscar esclarecer práctica compañía Fortnite,Ciencia y Tecnología
escritura manual código tener día contado vaticinar CEO NVIDIA Jensen Huang explicar 32.000 ingeniero software estar acompañado 100 vez más asistente digital 24 hora del día 7 día semana,Ciencia y Tecnología
in extremis Águilas rescatar valioso empate 1-1 Necaxa gol agónico Henry Martín América rescatar valioso empate 1-1 Necaxa hilvanar tres partido conocer derrota ayer due-lo correspondiente jornada nueve del torneo Apertura 2024 Liga Mx disputado estadio Victoria Aguascalientes,Deportes
Dubois noquea Joshua retener cetro pesado Londres Daniel Dubois retener título pesado Federación Internacional Boxeo ( FIB ) al noquear quinto asalto al ex bicampeón Anthony Joshua primero defensa cinturón realizado estadio Wembley,Deportes
Copa Laver equipo del resto del mundo tomar ventaja 8-4 Copa Laver selección Europa triunfo estadunidens Taylor Fritz ( imagen ) Frances Tiafoe alemán Alexander Zverev ruso Daniil Medvedev respectivamente ser fundamental comandado John McEnroe tomar delantera justa definir hoy al campeón acumulir 13 punto Berlín,Deportes
Cruz Azul intratable vence 1-0 Chivas afianza superliderato haber partido marcar agenda Cruz Azul después del clásico joven América rivalidad Guadalajara tener valor especial ese peso escenario importante Máquina volver cantar victoria estadio Ciudad Deportes ( 1-0 ) mantener él único líder Liga Mx seguir carrera campeonato,Deportes
Gobierno CDMX premiar más millar atleta local más millar atleta capitalino ser premiar ayer participación Juegos Nacionales Conade,Deportes
Leyendas del pancracio regresar Coliseo Día nacional del luchador hombre otro ocasión mujer máscara subir al ring arena Coliseo afición ovacionar no importar ser rudo técnico todo saber estar ese cuadrilátero arriesgar vida medio uno espectáculo más vistoso folclórico polémico del deporte lucha libre Místico Octagón Atlantis leyenda disciplina ser ayer representante histórico función motivo del Día nacional del luchador lucha libre,Deportes
Jiménez plan goleador brillar triunfo del Fulham Raúl Jiménez anotar nuevo Fulham Liga Premier inglés delantero mexicano 33 año abrir marcador Craven Cottage Newcastle United encaminar victoria 3-1 quinto fecha,Deportes
Norris conseguir po él GP Singapur Checo del top-10 mexicano Sergio Pérez ( Red Bull ) entrar socavón Arrancó des-de fondo esperanzado neumático ayudar remontar terminar lejos dos piloto disputar título mundial Fórmula 1 calificación al gran Premio Singapur ubicado lugar 13 tapatío finalizar otro carrera poco memorable respecto del rendimiento Lando Norris ( McLaren ) tricampeón mundial Max Verstappen primero segundo parrilla salida respectivamente,Deportes
Manuel Ahumada dibujante demasiado viejo punk mucho joven morir ser demasiado viejo punk mucho joven morir decir Manuel Ahumada ( 1956-2014 ) Gonzalo Rocha ambos monero colaborador Jornada día elevar más ahora mirar cosmos acompañado dios azteca ángel astronauta del Apolo 11 agregar referencia al día aquel  fallecer personaje ser frecuente imaginario obra,Cultura
Elena Poniatowska Grito madrugada del 16 septiembre del 1810 Grito Independencia historia dar cura Miguel Hidalgo Costilla pueblo Dolores Guanajuato rasgó cielo hacer estallar movimiento Independencia,Cultura
Brasil ! Brasil ! revelar visión vibrante del Modernismo Berna exposición Brasil ! Brasil ! The Birth of Modernism ( ¡ Brasil ! ¡ Brasil ! nacimiento del Modernismo0 inaugurado Zentrum Paul Klee ofrecer visión vibrante ese movimiento artístico país sudamericano largo obra 10 artista cinco autodidacta poco conocido internacionalmente varios 130 obra expuesto haber salir Brasil primero vez muestra coincidir temáticamente Bienal Venecia más mitad artista aquí presente también participar,Cultura
Secretario Arte Cultura Morena rendir informe actividad Secretario Arte Cultura del Comité Ejecutivo Nacional ( CEN ) Morena Tomás Pliego Calvo indicar medio participación 22 comisión estatal arte cultura artista creador promotor gestor cultural colectivo cooperativo organizado partir del plan acción secretaría realizar tarea actividad defensa Cuarta Transformación ( 4 T ) promover cultura incluyente equitativo luchar lucha clasismo racismo machismo fascismo,Cultura
entusiasta asistente OSM festejar Islas CU 114 año UNAM rugido puma resonar todo volumen este sábado Islas Ciudad Universitaria ( CU ) Universidad Nacional Autónoma México ( UNAM ) celebrar 114 aniversario concierto memorable cargo Orquesta Sinfónica Minería ( OSM ),Cultura
tomar cuenta semana iniciar dar conocer diverso report inflación venta al menudeo indicador actividad económico balanza comercial anuncio política monetario otro,Economía
impulsar CRE infraestructuro auto eléctrico disposición administrativo materia electromovilidad emitido Comisión Reguladora Energía ( CRE ) no sólo impulsar desarrollo infraestructura uso automóvil eléctrico híbridos también ordenamiento Sistema Eléctrico Nacional ( SEN ) acuerdo propio regulador,Economía
Joseph E. Stiglitz Kevin P. Gallagher Martín Guzmán Marilou Uy Especial Jornada FMI deber poner fin destructivo recargo nar,Economía
eu prohibir software hardwarir chino vehículo Washington Departamento Comercio Estados Unidos proponer lunes prohibir software hardware chino vehículo conectado autónomo carretera del país debido preocupaciones seguridad nacional decir fuente Reuters,Economía
Cifras verde * llave programa planeación ciudad inteligente verde bicicleta haber recuperar relevancia proyecto urbano,Economía
Tribunal dar 5 día X validar representante legal Brasil Río Janeiro red social X nombrar representante legal Brasil exigencia volver funcionar país seguir suspendido cumplir otro requisito judicial Tribunal Supremo Brasil dar plataforma social X propiedad Elon Musk cinco día presentar documento validir nuevo representante legal país mostrar sábado decisión judicial,Economía
Seguridad energético amenazado nivel mundial tensión geopolítica WEF transición energético nivel global observar avance particular economía desarrollado China Brasil no obstante equidad haber retroceder tensión geopolítica causar incertidumbre seguridad energético revelar informe del Foro Económico Mundial ( WEF sigla inglés ),Economía
imperio bicicleta recuperar terreno Pekín Pekín recién llegado Pekín poder tener cierto paranoia confundido certeza ser atropellar más temprano tarde auto bicicleta motocicleta triciclo poder dar él empujón dejar él costado acera sobar él raspón risa asombro buscar curita tienda conveniencia,Economía
Carlos Slim criticar sistema pensión México pedir combatir pobreza hombre más rico México decir recurso recibir actualmente mayor 65 año deber usar él sacar 6 millón persona pobreza extremo,Economía
Anuncios inversión México sumar 59.900 mdd primero nueve mes 2024 Secretaría Economía identificar 197 anuncio público enero septiembre Estados Unidos encabezar anuncio,Economía
cómo Caliente pasar anunciar apuesta transmitir Champions League compañía haber entrar ‘ guerra del streaming deportivo ’ captar parte este nicho mercado él consolidar principal negocio apuesta,Ciencia y Tecnología
dos olímpico conquistar Zúrich campeón olímpico Remco Evenepoel ( imagen ) Grace Brown conquistar ayer prueba contrarreloj Mundial Ciclismo celebrar Suiza mientras Brown australiana 32 año proclamar campeona del mundo primero vez quedar segundo último dos año Evenepoel revalidar título 46.1 kilómetro Zúrich tiempo 53 minuto 2 segundo belga 24 año competir carrera ruta domingo,Deportes
Charlyn Corral lograr doblete mantener invicto Pachuca empatar 3-3 Chivas duelo vertiginoso Charlyn Corral firmar doblete Pachuca igualar 3-3 Chivas mantener invicto primero puesto jornada once del torneo Clausura 2024 Liga Mx Femenil Tuzas sumar 29 unidad estar espera del duelo Tigres Tijuana confirmar liderato mientras tapatía ubicar quinto puesto 20 unidad temporada más irregular,Deportes
Pumas sufrir más rescatar victoria 1-0 Xolos Pumas sufrir más rescatar este domingo importante triunfo 1-0 Xolos Tijuana resultado catapultar zona liguilla duelo correspondiente jornada nueve del torneo Apertura 2024 Liga Mx efectuado estadio Olímpico Universitario,Deportes
Alcaraz dar triunfo decisivo Europa campeón Copa Laver París Europa conquistar ayer Copa Laver tenis combinado del resto del mundo gracias victoria del español Carlos Alcaraz Taylor Fritz último duelo singl,Deportes
Jefes continuar invicto superar 22-17 Halcones Atlanta Patrick Mahomes lanzar par pase anotación defensivo Kansas City realizar par defensa tardía mantener Jefes invicto al vencer 22-17 Halcones Atlanta,Deportes
Tigres batallar vencer al último lugar del torneo duelo ser más complejo esperado Sebastián Córdova lograr dar él Tigres triunfo 1-0 sotanero Ciudad Juárez jornada nueve del torneo Clausura 2024 Liga Mx victoria felino escalar al segundo puesto tabla general 20 unidad dos punto diferencia del líder Cruz Azul,Deportes
Dallas esperanza frustración Lamar Jackson Baltimore resistir intento remontado Dallas llegar tarde dos anotación del estelar mariscal campo Cuervos derrotar 28-25 Vaqueros encuentro marcado suspenso minuto final,Deportes
lar Norris superar Verstappen gran Premio Singapur Singapur lar Norris sortear par susto muro al ganar contundencia gran Premio Singapur apenas poder recortar siete punto diferencia Max Verstappen líder del campeonato Fórmula Uno resultado mexicano Sergio Pérez ser completamente inesperar al terminar décimo lugar mucho dificultad rebasar llevar último punto repartir carrera,Deportes
Tercer cuadrangular del mexicano Jonathan Aranda Tampa Bay St Petersburgo mexicano Jonathan Aranda pegar cuadrangular tercer partido consecutivo Rays Tampa Bay vencer 4-3 Azulejos completar barrida serie tres juego,Deportes
Haaland marcar gol 100 empate del City Erling Haaland marcar gol 100 Manchester City delantero comparado androide más número ser historia puro noruego poner adelante equipo Arsenal quedar 10 jugador también inspirar empate 2-2 último minuto John Stones encargar sentenciar,Deportes
Alerta lesión Santi Giménez delantero mexicano Santiago Giménez encender alarma del Feyenoord salir cambio primero mitad del encuentro equipo superar 2-0 al NAC Breda Liga Países Bajos tricolor tener aparente molestia muscular no permitir abandonar campo propio pie ser sustituir,Deportes
Marlene Santos Alejo Balance jornada increíble parecer equipo milloneta favorito Liga Mx sufrir perder estribo América Monterrey empatar duras pena mientras Cruz Azul ganar mínimo ventaja Chivas sólo conseguir sumar frente colero … poco emoción regalar fecha doble dar nota quejoso André Jardine timonel amarillo Ivar Sisniega titular Federación Mexicana Futbol preocupado bajo entrada Estados Unidos pedir transmitir mensaje positivo apoyo selección,Deportes
Anahit María salir gran Bretaña Armenia exhibición Diosa Madre Anahit María realizado originalmente Museo Británico ser prestar manera exclusivo seis mes al Museo Historia Armenia ubicado ciudad Yerevan muestra ser reflexión papel femenino materno distinto deidad variado cultura imagen cabeza estatua bronce diós Anahit perteneciente cultura persa datar del siglo i antes Cristo,Cultura
obra Nombres combate reúnir foro Gruta historia vida resistencia haber historia merecer ser contar no sólo resultar dolorosa heroico ser testimonio vida cariño resistencia afirmar Martín López Brie dramaturgo director Nombres combate obra documental presentar partir hoy foro Gruta haber enfrentar dificultad propio pandemia,Cultura
Hermann Bellinghausen Stravinski vendedora disco segundo parte año 40 del siglo xx Ciudad México deber ser tranquilo optimista promisoria cielo azul limpio sorprender nadie ser normal siempre ciudad lago finalmente derrotado futuro allí hacer familia tanto venido menos parecido salir película Soler Pedro Infante todo Joaquín Pardavé conformar seis varón cuatro hembra tono época primero ser debilidad madre derecho del hombre sagrado contar alcohólico vividor perezoso odiar ser mexicano menor edad único estudiar carrera ninguno tener obligación aportar casa querer pasar dificultad financiero siempre estar arrancado tampoco mamá gustar trabajo papá hacer mala ganar no ver hora ir caza escuchar ópera música clásico amigo pronto comenzar recibir pensión burócrata,Cultura
Murió Fredric Jameson crítico del capitalismo referente del marxismo EU Fredric Jameson ( 1934 ) crítico teórico catedrático literario estadunidense fallecer este domingo 90 año informar editorial Verso Libros red social,Cultura
López Obrador inaugurar Veracruz Centro Cultural Leyes Reforma Veracruz Ver presidente Andrés Manuel López Obrador inaugurar ayer puerto Veracruz Centro Cultural Leyes Reforma realizar recorrido recién rehabilitado Casa Benito Juárez espacio abrir puerta visitante partir noviembre buscar generar reflexión ley más importante publicado siglo xix,Cultura
inmueble patrimonial ser testigo permanente transición histórico Veracruz Ver recinto Casa Benito Juárez Centro Cultural Leyes Reforma Centro Histórico del puerto Veracruz inaugurado este fin semana gobierno federal estar abierto al público partir noviembre buscar promover conocimiento del periodo histórico Reforma importancia legado cívico sociedad actual,Cultura
Afores ganar $ 8.359 mdp gestionar ahorro trabajador ganancia obtener administradora Fondos Retiro ( Afore ) primero ocho mes 2024 cuidar recurso pensionario millón mexicano aumentar 32 ciento manera anual cifra al cierre agosto pasado revelar dato oficial,Economía
Enrique Galván Ochoa Dinero presidenta República tomar posesión próximo martes Claudia Sheinbaum Pardo asistir al congreso nacional Morena decir no ser partido Estado haber distancia nadie pedir abdicar al título jefa partido ser jefa Gobierno jefa Estado comandanto suprema fuerza armado organización guinda enarbolacer bandera 4t. ser fundar presidente Andrés Manuel López Obrador haber anunciar mil vez retirar quinta Palenque asegurar llevar vida aislamiento política político incluso no recibir amigo dos círculo más íntimo ser elegir dirigir formalmente al partido Luisa María Alcalde presidenta Andrés Andy López Beltrán secretario Organización ser ojo voz,Economía
León Bendesky ejemplo escritor inglés H.G. Wells apuntar Historia supervivencia mismo depender carrera educación catástrofe idea ser adecuar reflexionar cuestión hoy ser relevante persistente violencia haber mundo incapacidad humanidad contener degradación del medio ambiente,Economía
mejorar condición económico millón hogar mexicano nuevo política económico social poner marcha gobierno del presidente Andrés Manuel López Obrador concluir 30 septiembre generar mejor condición económico millón hogar mexicano hacer través programa transferencia grupo específico población al elevar pensión adulto mayor promover crecimiento real salario principalmente coincidir especialista,Economía
Concentra manufactura flujo inversión extranjero enero 2023 septiembre 2024 sector privado realizar 575 anuncio inversión México más 170 mil 644 millón dólares revelar dato actualizado Secretaría Economía ( ),Economía
Economía del país transitar crisis & # 160,Economía
alistar inauguración del Museo Vivo del Muralismo poco día del final del gobierno del presidente Andrés Manuel López Obrador concluir obra restauración rehabilitación mantenimiento del Museo Vivo del Muralismo ( MVM ) prever inaugurar semana edificio histórico Secretaría Educación Pública ( SEP ) reconocido patrimonio mundial Organización Naciones Unidas Educación Ciencia Cultura ( Unesco ),Economía
denunciar competencia desleal ambulant compraventa divisa centro cambiario pequeño establecimiento comprar vender moneda equivalente 10 mil dólares enfrentar competencia desleal entidad ambulante realizar mismo actividad acuerdo asociación representar al sector,Economía
David Márquez Ayala Reporte económico múltiple logro administración ahora terminar producción alimento avance autosuficiencia no ser desafortunadamente uno producción cuatro grano básico alimentación mexicano ( maíz trigo frijol arroz ) ascender 2023 31.9 millón tonelada apenas 1.0% producción 2018 ( Gráfico 1 ) producto periodo producción maíz aumentar 1% trigo 18.1 decreceír frijol – 38.3% arroz 11.2%,Economía
denunciar Visa monopolio Estados Unidos Departamento Justicia Estados Unidos buscar denunciar empresa monopolio mercado tarjeta débito acuerdo reporte Blomberg,Economía
Empresas EU reactivar anuncio inversión confiar Sheinbaum detener anuncio importante inversión reforma judicial American Society of Mexico informar próximo fecha retomar cautela,Economía
endeudamiento mexicano exterior representar 35% del PIB Banco México ( Banxico ) dar conocer segundo trimestre del año reducir endeudamiento del mundo 42% reportado primero trimestre,Economía
auditoría dar ingreso 3.5 billón pesos al SAT recurso 1426 billón pesos obtener auditoría grande contribuyente informar fisco,Economía
Economía mexicano crecer 0.6% julio actividad primario encabezar crecimiento económico del país séptimo mes del año,Economía
jubilación digno complicar cada vez más mexicano quinto parte empleado país contemplar jubilar él 66 año más mientras otro 86% admitir ahorrar menos deber hacer él actualidad,Economía
plan sustituir importación Asia nearshoring tornar difícil primero siete mes del año importación México Asia alcanzar 141.219 millón dólares China representar 51% del total,Economía
netflix Prime Video Amazon liderar queja del streaming agosto este año ambos empresa recibir inconformidad parte usuario cobro indebido alteración precio asegurar Profeco Expansión través transparencia,Ciencia y Tecnología
¿ qué ser cómo funcionar nuevo categoría Canales WhatsApp ? nuevo organización del directorio Canales WhatsApp pretender hacer más sencillo navegación usuario,Ciencia y Tecnología
Intel nuevo objeto del deseo industria tech empresa pionera industria chip haber ser objeto nuevo rumor posible adquisición parte Qualcomm inversión firma capital,Ciencia y Tecnología
India país querer ser potencia industria semiconductor Estados Unidos India anunciar alianza construir planta chip este país algo gobierno Biden definir punto inflexión,Ciencia y Tecnología
AMLO buscar convertir CFE Telecom empresa público iniciativa reforma querer CFE TEIT principal compañía proveer internet todo país respecto competidor cambiar estatu estatal público,Ciencia y Tecnología
Erick Sánchez al quirófano nar,Deportes
Nadal volver competir liderar España final Copa Davis París leyenda del tenis Rafael Nadal junto número tres mundial Carlos Alcaraz liderar España Final 8 Copa Davis anunciar equipo capitaneado David Ferrer torneo disputar del 19 al 24 noviembre Málaga,Deportes
Filis coronar Este Nacional terminar dominio Bravos Filadelfia Filis Filadelfia ganar División Este Liga Nacional primero vez 2011 asegurar ese título victoria 6-2 Cachorros Chicago además terminar racha Bravos Atlanta coronar él seis temporada consecutivo división,Deportes
Salir del bache natación ser imposible modelo actual Liliana Ibáñez Mientras sistema deportivo mexicano mantener obsoleto lucha ego autoridad no detener ser imposible natación salir del bache encontrar hacer década Liliana Ibáñez más experimentado disciplina levantar voz profundo crisis prevalecer país,Deportes
Bills vence Jaguares mantener invicto Bills Búfalo ser comandar brazo exacto Josh Allen mantener prestigioso cuadro cuatro invicto NFL ese combo lujo estar integrado Acereros Jefes Vikingos todo conocer derrota tercero semana temporada,Deportes
Vendaval americanista Águilas golean Rayadas 4-2 Monterrey tardar más 70 minuto meter él al partido finalmente despertar América golear tener prácticamente triunfo bolsa 4-2 sentenciar exhibición más desconcertante paupérrima Rayadas campaña abucheo afición más rostro desencajado cada jugadora terreno juego reflejar diferencia existir respecto Águilas,Deportes
Hermanos Gutiérrez cumplir sueño Paralímpicos París ser niño hermano Raúl Juan José Jesús Gutiérrez disfrutar jugar futbol pesar haber nacer talla bajo hacer gala mejor pase calle Irapuato al tiempo soñar representar México nivel internacional,Deportes
del Toro finalizar lugar 12 Mundial Ciclismo pedalista mexicano Isaac del Toro ubicar lugar 12 prueba contrarreloj categoría Sub 23 del Mundial Ciclismo Ruta disputar Zurich,Deportes
UNAM celebrar 60 año fundación del Archivo Histórico Universidad Nacional Autónoma México ( UNAM ) celebrar ayer 60 aniversario fundación Archivo Histórico además inaugurar exposición Archivo Histórico UNAM ayer hoy,Cultura
sexenio ser repatriar 14 mil 48 pieza destacar mañanera último conferencia mañanero presidencial funcionario presentar balance acción recuperación memoria histórico preservación del patrimonio cultural destacar repatriación 14 mil 48 pieza extranjero,Cultura
Javier Aranda Luna Kundera novela desafío rebeldir 8 diciembre 1968 ese año recurrente historia del mundo cuatro amigo embarcar expedición extraordinario Praga,Cultura
Vilma Fuentes entusiasmo melancolía encuentro deportivo Juegos Olímpicos Copa Mundial futbol provocar amplio movimiento entusiasmo envidiar político estrella cine detenar segundo observar aumento pasión suscitar medida desarrollar poder sentir curiosidad causa,Cultura
Raúl Pineda sacar luz oscuridad del dolor tragedia atravesar país Traer luz oscuridad ser labor del artista Raúl Pineda don memoria fotográfico excesivo persistencia técnica antiguo grabado mezzotinta retrato horror desencajado violencia México,Cultura
Galardona Inbal tres grande artista tejer lienzo plástica mexicano ovación vítor escultora Geles Cabrera ( 1926 ) pintor Arturo Estrada ( 1925 ) Guillermo Monroy ( 1924 ) recibir Medalla Bellas Artes Oro Artes Visuales 2023 2024 ceremonia histórico efectuado ayer sala Manuel M. Ponce del Palacio Bellas Artes encabezado Lucina Jiménez titular del Instituto Nacional Bellas Artes Literatura ( Inbal ),Cultura
Fotografiar ser pretexto buscar yo otro Graciela Iturbide Arropada largo ovación fotógrafa Graciela Iturbide recibir Medalla Bellas Artes Oro 2024 Artes Visuales otorgar Instituto Nacional Bellas Artes Literatura ( Inbal ) icónica imagen conjuguir documental poético formar parte esencial del acervo gráfico contemporáneo México,Cultura
Aterriza nave Soyuz misión récord EEI Moscú cápsula Soyuz transportar dos cosmonauta rusosy astronauta estadunidense Estación Espacial Internacional aterrizar Kazajstán poner fin estadía récord pareja ruso,Ciencia y Tecnología
Científicos descubrir coral ser capaz retener microplástico Madrid nuevo técnica detección microplástico descubrir tres parte anatomía del coral ( mucosidad superficial tejido esqueleto ) contener clase desecho artificial,Ciencia y Tecnología
Cotiza peso prácticamente cambio espera del recorte tasa del BdeM Ahora incógnita política monetario México ser recorte tasa referencia cuarto medio punto porcentual Banco México ( BdeM ) despejar jueves mientras tanto peso mexicano operar ayer cautela,Economía
no haber inconstitucionalidad cobro del SAT empresa Salinas Pliego AMLO resolución dos expediente presunto evasión fiscal empresa Ricardo Salinas Pliego monto 35 mil millón pesos presidente Andrés Manuel López Obrador considerar Suprema Corte Justicia Nación no poder involucrar él fondo del litigio toda vez instancia correspondiente confirmar existir adeudo fiscal firma Servicio Administración Tributaria no haber ninguno posible interpretación inconstitucionalidad,Economía
AMLO mejora raquítica pensión gestión pasado sexenio del presidente Andrés Manuel López Obrador pensión llamado Generación Afore pasar apenas 30 ciento del último salario del trabajador promedio mayor 70 ciento producto serie reforma legislativo poner al centro al asalariado situación no haber suceder otro administración,Economía
Recauda SAT seis año 3.5 billón pesos sexenio estar concluir Servicio Administración Tributaria ( SAT ) recaudar 3.5 billón pesos auditoría promoción cumplimiento representar 2.3 billón pesos más sexenio anterior crecimiento real 120.2 ciento agosto este año,Economía
Miguel Pineda Negocios empresa diferencia regularmente pensar no ser producción marcar desarrollo demanda creciente bien servicio él sociedad no consumir tender quedar él estancado,Economía
estancar producción grano sexenio producción grano oleaginosa México haber incrementar 37 ciento entrada vigor del Tratado libre Comercio América del Norte ( TLCAN ) actualmente Tratado México Estados Unidos Canadá ( T-MEC ) fecha embargo este sexenio crecimiento haber estancar revelar dato oficial,Economía
repuntar julio economía Inegi economía mexicano crecer más esperado julio debido al incremento ‘ inusual ’ sector agrícola ganadero pesca revelar Instituto Nacional Estadística Geografía ( Inegi ),Economía
servicio salud 50.4 millón mexicano afirmar Coneval México 50.4 millón persona carecer acceso servicio salud representar 39.1 ciento población destacar Alida Marcela Gutiérrez Landeros coordinadora general análisis pobreza del Consejo Nacional Evaluación Política Desarrollo Social ( Coneval ),Economía
sict entregar 549 obra carretero programa carretero echar andar administración del presidente Andrés Manuel López Obrador beneficiar 55 millón habitante forma directo además 549 obra realizado representar 227 mil 464 millón pesos ser casi uno ciento del producto interno bruto ( PIB ) informar Jorge Nuño Lara titular Secretaría Infraestructura Comunicaciones Transportes ( SICT ),Economía
Acierto del SAT auditoría grande causante analista Fiscalizar primero grande contribuyente ahí hacer él resto causante ser estrategia más exitoso del Servicio Administración Tributaria ( SAT ) evitar ingreso sustentar erario cayerir administración,Economía
Mexicanos gastar 12% más bebida energético Datos Kantar mostrar último año haber aumentar tanto número litro comprado precio este tipo bebida,Economía
Trump amagar arancel 100% auto entrar frontera México candidato presidencial decir único manera librar cuota ser querer construir planta Estados Unidos,Economía
cet dos año reducir rendimiento dígito anticipar recorte Banxico todo plazo Cetes reducir ganancia plazo dos año ofrecer tasa más bajo 9.92% espera Banxico hacer nuevo recorte,Economía
Openbank lanza lista espera cliente mexicano Openbank México abrir sitio web lista espera usuario querer acceder oferta este nuevo banco digital,Economía
Banco Mundial logra récord 56.000 mdd inversión CFI ejercicio financiero finalizar julio 2025 Banco Mundial buscar centrar esfuerzo infraestructura particularmente carretera transporte,Economía
China presentar medida relajación monetario reactivar economía Banco Popular China recortar tipo interés operación doble siete día 0.2 punto porcentual 1.5%,Economía
Inflación seguir baja primero mitad septiembre ubicar 4.66% índice subyacente terminar primero quincena septiembre 3.95% no subyacente 6.73% acuerdo dato publicado Inegi,Economía
Fomentar vivienda interés social eliminar corrupción reto del Infonavit Analistas señalar instituto tener pendiente materia avanzar digitalización agilización trámite mejorar rendimiento subcuenta vivienda,Economía
IFT prever publicar nuevo medida regulatoria América Móvil noviembre regulador tener obligación revisar cada dos año medida regulatoria compañía controlado Carlos Slim verificar haber generar competencia telecomunicación,Ciencia y Tecnología
IFT pedir 1.680 mdp presupuesto pese reforma eliminar autónomo regulador asegurar partida solicitar Hacienda ser mismo ser aprobar este año incluso más bajo tomar cuenta inflación,Ciencia y Tecnología
Meta sumar voz John Cena chatbot nuevo función audio ofrecer usuario opción seleccionar voz asistente digital,Ciencia y Tecnología
Microsoft confiar México invertir 1.300 mdd ampliar alcance IA CEO compañía Satya Nadella destacar este capital ser mejorar capacidad nube IA región,Ciencia y Tecnología
Guía elegir mejor antivirus celular ataque teléfono inteligente cada vez ser más común aquí decir qué deber tener cuenta hora elegir mejor protección,Ciencia y Tecnología
IA ayudar industria ahorrar 35.000 dólares hora través diferente sensor software IA empresa Tractian haber lograr rastrear sonido máquina interpretarla posible falla técnico,Ciencia y Tecnología
Chaquito estar tres mes nar,Deportes
Bravos vencer Mets acercar al comodín Atlanta Bravos Atlanta hacer tarea lucha alcanzar boleto comodín postemporada Grandes Ligas al ganar 5-1 Mets Nueva York quedar victoria conseguir meta,Deportes
asegurar Guardianes descanso postemporado al vencer 6-1 Rojos Cleveland Guardianes Cleveland campeón División Central Liga Americana asegurar descanso primero ronda playoff al vencer 6-1 Rojos Cincinnati Lane Thomas pegar jonrón dos anotación empujar tres carrera mientras Josh Naylor sumar par remolcada,Deportes
ser demasiado tarde yo Favre mítico ex NFL padecer Parkinson 1991 vida Brett Favre cambiar siempre poco mes después ser elegir Atlan-ta Draft NFL entrena-dorar jefe Green Bay Mike Holmgren ofrecer selección primero ronda cambio jugar equipo Halcones ver obligado aceptar anuncio del acuerdo al año siguiente mariscal construir carrera notable periodo más menos difícil dedicar él al mismo deporte practicar niño ser nombrar tres vez MVP ganar Supertazón 1997 ser ingresar al Salón Fama confesar acto públi-co estar tres vez cen-tros especial rehabilitación adicción al consumo analgésico alcohol,Deportes
Real Madrid sacar apurado victoria Alavés Madrid Real Madrid ser luz noche ofrecer sábado versión más contundente visita del Español al Santiago Bernabéu equipo blanco revelar costado más vulnerable apurado victoria 3-2 Alavés cumplir año derrota Liga España,Deportes
Ten Hag unir crítica saturación partido Londres técnico neerlandés del Manchester United Erik ten Hag criticar sobrecarga partido considerar casi inevitable lesión grave sufrir futbolista ocurrir pasado fin semana arquero alemán Marc-André Ter Stegen ( Barcelona ) mediocampista español Rodri ( Manchester City ),Deportes
ir conciencia tranquilo arrepentimiento Ana Guevara Convencida cumplir deber pesar crítica afrontar llegada al cargo 2018 Ana Guevara asegurar ayer dejar dirección Comisión Nacional Cultura Física Deporte ( Conade ) arrepentimiento conciencia tranquilo seguro no gozar sobreprotección administración,Deportes
regresar vivo Met Nueva York al Auditorio Nacional ocho título temporada 2024-2025 del programa vivo Met Nueva York transmitir del 5 octubre al 31 mayo pantalla gigante del Auditorio Nacional seguir fiel misión del Metropolitan Opera House presentar ópera más famoso popular mejor elenco posible ofrecer producción nuevo sólo avanzar forma arte expresar Peter Gelb gerente general del Met,Cultura
entregar Tolita María Figueroa Medalla Oro Bellas Artes 2023 teatro hermana Tolita María Figueroa ser distinguir este martes Medalla Oro Bellas Artes 2023 disciplina teatro este reconocimiento celebrar destacado trayectoria prolífico obra ámbito del vestuario escenografía campo haber dejar huella imborrable más tres década,Cultura
Emilio Payán Litógrafa Popular artista grabador Joel Rendón ( 1967 ) impresor Fernando Riquelme ( 1990 ) fundar hacer dos mes Litógrafa Popular taller reunión diálogo intercambio experiencia conservar tradición técnica México proyecto rendir homenaje madre tierro al considerar piedra litográfico matriz creador estrecho conexión tierra vida Litógrafa Popular surgir objetivo conservar estética estampa gráfico popular cargado identidad sentido social,Cultura
Dialoga Dalí Divina Comedia Cáceres Fundación Mercedes Calles Carlos Ballestero ( FMCCB ) presentar nuevo exposición sede Plaza San Jorge Cáceres titulado Dalí Divina Comedia compuesto centenar grabado propio colección genio surrealista plasmar interpretación Divina Comedia Dante Alighieri,Cultura
feminismo devolver dignidad existencia arte también Sofía Weidner no prometer salir alegre mente tranquilo exposición no querer generar arte causar comodidad confesar Sofía Weidner inauguración Musas negro Museo Ciudad México Emociones trist dolorosa furiosa estar plasmada obra hoy trasciendar al ser ver público significar cobijo abandono soledad sueño cumplido feminismo devolver dignidad existencia arte también declarar creadora,Cultura
Ricardo Yáñez Isocronías siete escritora haber reunir Minerva Aguilar Temoltzin autoro Vuelo letra libro nacido recital homónimo ofrecido escritora tlaxcalteca organizado Asociación Escritores México al decir Obed González director Literatura Feria Internacional del Libro Coyoacán – auspiciadorar del volumen ánimo representativo considerar lírica tal voz femenino – este ser posible palpar ser lenguaje ser flexibl constante transformación vayar sucintamente poeta – nacido años 50 80 –,Cultura
Muñeca Lele otomí representar principal fuente empleo Santiago Metztititlán Pachuca Hgo Artesanas indígena otomí Santiago Metztititlán municipio Amealco Bonfil estado Querétaro generación haber elaborar tradicional muñeca Lele nacer deseo niña localidad jugar ser mamá,Cultura
Periodista evocar eterno noche 43 ¿ 43 normalista Ayotzinapa estar vivo muerto ? pregunta planteado angustia periodista Miguel Ángel Juárez Franco desencadenar intenso conmovedor debate ayer presentación novela eterno noche 43 publicado editorial Almuzara,Cultura
resultado del tercer censo del jaguar México ser alentador primero resultado del tercer censo México del jaguar ser alentador puesto mayoría 24 sitio analizado 19 estado del país población del felino más grande América mantener haber incrementar mayoría sitio haber más jaguares destacar Gerardo Ceballos González líder Alianza Nacional Conservación del Jaguar,Ciencia y Tecnología
Descubren inteligencia artificial más geoglifo Nazca nar,Ciencia y Tecnología
menopausia poder ocasionar problema dental decir especialista sofoco sudoración nocturno ser síntoma más infame menopausia ser posible también desear prestar atención diente encía,Ciencia y Tecnología
primero vez 2 año tasa Cetes bajo 10% después casi dos año ofrecer rendimiento anual doble dígito tasa interés Certificados Tesorería Federación ( Cetes ) haber caer debajo 10 ciento analista indicar mercado anticipar Banco México ( BdeM ) reducir tasa referencia próximo jueves línea Reserva Federal Estados Unidos,Economía
sexenio AMLO banca ganar más billón pesos largo del sexenio del presidente Andrés Manuel López Obrador conjunto banco privado operar país haber ganar poco más billón pesos resultado histórico colocar este sector uno mejor ser gobierno Cuarta Transformación afirmar especialista,Economía
experto mayor desastre ecológico Riviera Maya mina Sac-Tun antes conocido Calica propiedad Vulcan Materials ser mayor desastre ecológico Riviera Maya más tres década extraer material exportar barco Estados Unidos acuerdo especialista gobierno mexicano,Economía
reserva internacional alcanzar marca histórico reserva internacional cerrar semana concluir 20 septiembre saldo 226 mil 465 millón dólares incremento 356 millón dólares relación semana precedente revelar Banco México ( BdeM ),Economía
Proyecto del ministro Pérez Dayán impedir UIF bloquear cuenta bancario lavado ministro Alberto Pérez Dayán proponer endurecimiento requisito Unidad Inteligencia Financiera ( UIF ) poder asegurar cuenta bancario titular ser sospechoso operación lavado dinero,Economía
Desacelera inflación anual cuarto quincena consecutivo inflación general primero quincena septiembre México desacelerar 4.66 ciento anual menor nivel segundo quincena mayo 2024 revelar cifra del Instituto Nacional Estadística Geografía ( Inegi ),Economía
Microsoft invertir mil 300 mdd México infraestructura IA nar,Economía
ocupar México séptimo lugar adopción inteligencia artificial México ser uno país adoptante inteligencia artificial ( IA ) índice 46.85 punto colocar séptimo posición 19 encontrar incorporar tecnología informar Comisión Económica América Latina Caribe ( Cepal ),Economía
México expropia minero Calica empresa estadunidense impugnacer firma estadunidense Vulcan Materials anunciar ir impugnar legalmente decisión del gobierno mexicano anunciado lunes noche expropiar terreno mina Calica Quintana Roo,Economía
Enrique Dussel Peters * China ¿ desarrollo través política industrial ? enfatizar colaboración del 11 septiembre este año profundo competencia Estados Unidos China liderazgo tecnológico global haber ser impensable todavía hacer dos década principios del siglo xxi lema China barato,Economía
Pekín recortar tasa estimular economía Pekín Banco Central China anunciar ayer nuevo medida impulsar economía recorte diferente tasa interés incluir referencia hipotecaria reducción del depósito banco deber mantener reserva,Economía
ser poco probable México perder grado inversión Moody's agencia señalar mayor déficit fiscal absorber deuda Pemex crecimiento sí poder impactar calidad crediticio,Economía
Revolut planear operar primero mes 2025 Juan Guerra director general firma decir esperar arrancar operación siguiente año cuenta débito nivel 4 transferencia internacional,Economía
Pemex requerir 50.200 mdd tres primero año Sheinbaum prever Moody's apoyo del gobierno calificación real Pemex ser Ca es decir 80% incumplimiento compromiso financiero,Economía
Condusef alertar suplantación identidad 24 financiera Veinticuatro institución debidamente constituido haber reportar suplantación identidad cometer fraude usuario,Economía
¿ abrir banco 1 octubre ? decir calendario CNBV 1 octubre Claudia Sheinbaum tomar posesión primero presidenta México implicar suceso trascendencia nacional mayoría empleado descansar,Economía
Mercado Pago hacer oficial presentar solicitud ser banco digital cuenta digital buscar aprobación licencia bancario Comisión Nacional Bancaria Valores ofrecer servicio banca múltiple,Economía
Banxico sólo tener espacio hacer recorte 25 punto analista considerar banco central deber tener cautela al bajar tasa periodo volatilidad descartar hacer recorte 50 punto hacer Reserva Federal,Economía
OCDE ajustar baja previsión del PIB México acuerdo organismo economía mexicano crecer 1.4% este año 0.8% menos previsión anterior,Economía
BBVA mantener confianza México transición presidencial país seguir ser atractivo largo plazo gracias estructura costo apalancamiento comparación Estados Unidos decir Onur Genç consejero delegado BBVA,Economía
China recortar otro tasa interés impulsar economía interés préstamo año concedido institución financiero reducir del 2.3 al 2% informar banco central,Economía
austeridad selectivo predominar gobierno AMLO más recorte gasto oneroso generar ahorro gasto público llegar nivel récord obedecer prioridad obligación del gobierno cargo Andrés Manuel López Obrador,Economía
ser juegos gratis PlayStation Plus octubre 2024 Sony presentar catálogo videojuego llegar suscripción partir cuándo estar disponible,Ciencia y Tecnología
Caso FTX rol Caroline Ellison fraude pasar 2 año presar exdirectora Alameda Research fondo cobertura personal Bankman-Fried también deber pagar multa 11.000 mdd,Ciencia y Tecnología
Altán Redes confiar gobierno Sheinbaum robustecer conectividad Carlos Lerma CEO Altán decir estar positivo venir próximo año conectividad debido provisión internet ser uno eje principal Claudia Sheinbaum,Ciencia y Tecnología
Mira Murati CTO OpenAI dejar empresa 2024 haber ser año complicado startup Inteligencia Artificial varios ejecutivo fundador haber renunciar,Ciencia y Tecnología
Telmex suspender Sebog servicio resguardo información impago Triara división Centros Datos Telmex suspender servicio resguardo información Gobernación impago 63.7 millón pesos,Ciencia y Tecnología
Meta presentar Quest 3S versión económico visor realidad mixto Meta calificar este dispositivo proveedor experiencia increíble precio inigualable,Ciencia y Tecnología
Google demandar Microsoft supuesto monopolio nube denuncia ser presentar Comisión Europea anunciar propio Google,Ciencia y Tecnología
YouTube lanzar nuevo herramienta ayudarte emergencia médico través división Health plataforma videos colaborar institución certificada Cruz Roja dar información situación urgencia,Ciencia y Tecnología
Samsung abrir puerta convivir humano brazo mecánico comenzar planta producción refrigerador hoy ser uno centro más importante Samsung mundo,Ciencia y Tecnología
déficit fiscal México crecer 54% agosto superar billón pesos Secretaría Hacienda Crédito Público destacar Requerimientos Financieros del Sector Público sumar 1109 billón pesos,Economía
Gasolinas diésel ir primero mes subsidio Brindar menor estímulo haber permitir recaudar mayor ingreso secretaría Hacienda enero agosto este año haber recaudar 82% más dinero IEPS combustible,Economía
Inversiones México mantener pese débil Estado Derecho UBS banco inversión decir México mantener inversión aprovechar potencial ofrecer nearshoring,Economía
Yorio dejar cargo subsecretario Hacienda adelantar Bloomberg News funcionario dejar puesto ocupar Secretaría Hacienda Crédito Púbico 2019 dependencia indicar Expansión no tener información al respecto,Economía
gasto consumidor EU aumentar agosto inflación desacelera gasto consumidor seguir apoyar él ganancia salarial aún sólido pesar mercado laboral haber ralentizar considerablemente,Economía
México registrar déficit comercial 4.868 mdd agosto exportación mexicano caer 1% importación crecer 5.7% acuerdo Inegi,Economía
Banxico mantener prudencia cerrar año tasa 10% analista considerar mensaje del banco central ser más laxo decisión agosto esperar haber dos recorte más 25 punto base,Economía
Banxico ejecutar nuevo recorte tasa 10.5% banco central hacer segundo recorte consecutivo tasa referencia contexto menor inflación,Economía
Janet Yellen oponer reducir requisito capital banco secretaria del Tesoro Estados Unidos pedir seguir trabajar sistema financiero resistente tiempo turbulencia,Economía
Claudia Sheinbaum recibir economía tocado incertidumbre paquete 20 reforma presentar AMLO febrero este año amenazar limitar crecimiento potencial México,Economía
Búsqueda segundo empleo disparar varios entidad Morelos encabezar México dentro población subocupado 328.971 persona estar condición búsqueda trabajo adicional indicar cifra del Inegi del segundo trimestre 2024,Economía
WhatsApp dejar funcionar celular partir febrero 2025 app mensajería actualizar año año él implicar alguno dispositivo quedar obsoleto funcionamiento,Ciencia y Tecnología
mercado tableta buscar conquistar diseñador creativo melómanos Lenovo Huawei presentar nuevo tableta mercado mexicano coincidencia apostar conquistar creativo,Ciencia y Tecnología
desarrollo tecnológico requerir colaboración gubernamental Google Royal Hansen vicepresidente ingeniería Google revelar compañía haber sostener reunión equipo transición Sheinbaum impulsar digitalización del país,Ciencia y Tecnología
China avanzar regulación identificar contenido hecho IA país asiático estar buscar implementar medida más duro obligatorio identificar contenido generado través Inteligencia Artificial,Ciencia y Tecnología
medio crisis industria del gaming buscar nuevo modelo negocio despido haber marcar año videojuego especialista apuntar ser nuevo oportunidad diversificar contenido creador independiente,Ciencia y Tecnología
Oracle construir centro hyperscalar nuevo León ¿ qué ser cómo funcionar ? Samuel García gobernador del estado resaltar proyecto estar enfocado ayudar empresa entidad eficientizar proceso informático,Ciencia y Tecnología
OpenAI planear reestructuración ser empresa fin lucro este cambio representar oportunidad startup conseguir mayor financiación mantener desarrollo producto,Ciencia y Tecnología
Meta emparejar OpenAI Google carrera IA evento Meta Connect Mark Zuckerberg presentar innovación sector presentar usuario próximo mes,Ciencia y Tecnología
inconformidad justicia mexicano acreedor TV Azteca iniciar proceso Secretaría Economía informar disputa internacional México impago bono tv Azteca acumular costo 150.000 dólares concepto honorario CIADI,Ciencia y Tecnología
identidad digital industria financiero defensa armar biometría criptografía reducir riesgo suplantación identidad también abrir nuevo riesgo no hacer adecuadamente,Ciencia y Tecnología
Lucía García rescatar Rayadas jugadora mayor jerarquía internacional español Lucía García rescatar al campeón Monterrey conseguir agónico empate 1-1 León estadio nou Camp Rayadas haber sufrir torneo Clausura 2024 Liga Mx Femenil desplazar al América del tercer puesto 26 unidad después 12 jornada al tiempo Esmeraldas tener 12 punto,Deportes
Título Copa Campeones motivo al América duelo Pumas Dávila reciente obtención del título Copa Campeones ser factor motivar al América cara al clásico capitalino este domingo Pumas asegurar delantero Víctor Dávila además indicar más allá tratar derrotar uno acérrimo rival equi-po buscar toda costa triun-fo ubicar él zona liguilla,Deportes
Liga Mexicana Beisbol elegir Trevor Bauer pitcher del año Trevor Bauer ser coleccionista galardón lanzador Diablos Rojos del México campeón juegos ganado ponche pasado temporada ser elegir pitcher del año Liga Mexicana Beisbol ( LMB ),Deportes
finalizar temporada Rodri Manchester Rodri mediocampista del Manchester City perder resto temporada someter él ayer cirugía ligamento anterior cruzado,Deportes
del Toro finalizar sexto prueba ruta del Mundial juvenil Isaac del Toro cada vez acercar más perfección seguir acrecentar legado ahora mexicano culminar sexto lugar prueba ruta sub-23 del Mundial Ciclismo Zúrich Suiza después extraordinario actuación sólo errar al bajar ritmo tramo final aún quedar cerca medalla imponer mejor tiempo tricolor carrera.&#160,Deportes
Tigres rescatar empate dos León ser sublíder polémica decisión arbitral Tigres rescatar empate 2-2 León gol último minuto del argentino Juan Brunetta universitario valer del criterio del silbante Daniel Quintero Huitrón invalidar dos tanto esmeralda inclinar balanza favor igualar encuentro,Deportes
México buscar ser máximo exponente Homeless Cup largo viaje Corea del Sur selección mexica-nos futbol calle cumplir objetivo estar final Homeless World Cup estar pasó convertir él máximo exponente este torneo,Deportes
UEFA sancionar al Barça pancarta expresión nazi Madrid Órgano Control Ética Disciplina ( CEDB sigla inglés ) UEFA sancionar al Barcelona 11 mil 162 dólares al resolver afición tener conducta racista partido Champions AS Mónaco pasado 17 abril Stade Louis II,Deportes
Retrasos del ferrocarril México-EU afectar suministro agrícola Chicago retraso transporte ferroviario estar perturbar comercio exportación Estados Unidos México obstaculizando cadena suministro agrícola pleno cosecha otoño boreal denunciar ayer organización agrario,Economía
Pemex enviar combustible Refinería Olmeca India Petróleos Mexicanos ( Pemex ) enviar este mes primero cargamento combustible nuevo refinería Olmeca India señal progreso después múltiple retraso costo espiral dato embarque fuente industria,Economía
Déficit finanza público ser menor previsto SHCP primero ocho mes del año balance presupuestario observar déficit 897 mil 874 millón pesos monto ser menor respecto programado mientras deuda mantener nivel sostenible decir Secretaría Hacienda Crédito Público ( SHCP ),Economía
Volkswagen negociar sindicato después del explosivo anuncio Volkswagen poder cerrar fábrica Alemania primero vez dirección empresa sindicato iniciar tenso conversación nuevo acuerdo salarial empresa haber subrayar repetidamente coste ser excesivo margen beneficio demasiado bajo especialmente marca principal,Economía
BMV ganar 1.1% semana peso perder 28 centavo peso revertir ganancia inicial día después del impulso registrado anuncio del Banco México recortar tasa interés,Economía
Confirma Sheinbaum salido Gabriel Yorio Subsecretaría Hacienda subsecretario Hacienda Gabriel Yorio González no repetir cargo próximo sexenio confirmar próximo titular del Ejecutivo federal,Economía
desempleo Alemania aumentar más previsto Berlín número desempleado Alemania aumentar más previsto septiembre nuevo señal reto enfrentar mayor economía Europa,Economía
Gustavo Gordillo / III Justicia anillo poder haber mayoría tener haber minoría ser minoría existencia político constituir régimen mayoría,Economía
Desequilibrio balanza comercial acumular 10 mil 438 mdd agosto balanza comercial del país observar agosto 2024 déficit 4 mil 868 millón dólares dinamismo explicar retroceso uno ciento exportación frente igual periodo del año anterior informar Instituto Nacional Estadística Geografía ( Inegi ),Economía
Misión cumplido Misión cumplido decir artista Gabriel Orozco al cerrar ciclo casi seis año coordinador del proyecto Chapultepec Naturaleza Cultura 24 septiembre presidente Andrés Manuel López Obrador inaugurar cuarto sección último faltar concluir ese bosque urbano,Cultura
Pablo Espinosa creatura habitar Bellas Artes luz distinto hora devora,Cultura
Miguel Díaz Reynoso * Cuadernos Habana Encuentro cuaderno varios referencia al asalto al Cuartel Moncada quizá deber empezar preparativo cómo decidir llevar él cabo ese 26 julio,Cultura
Chapultepec estar listo atender presente enfrentar futuro Orozco Bosque Chapultepec estar listo atender presente encarar futuro asegurar Jornada artista veracruzano Gabriel Orozco concluir labor coordinador del proyecto Chapultepec Naturaleza Cultura cuarto sección remodelado inaugurar hacer día,Cultura
conclusión del proyecto Naturaleza Cultura ser prioridad del gobierno entrante proyecto Chapultepec Naturaleza Cultura no haber dar concluido mantener prioritario próximo gobierno federal afirmar subsecretaria Desarrollo Cultural Secretaría Cultura federal ( SC ) Marina Núñez Bespalova,Cultura
choque América Pumas primero reto seguridad estadio Ciudad Deportes partido América Pumas considerado uno mayor riesgo ser primero reto operativo seguridad estadio Ciudad Deportes más longevo ciudad Águilas mudar manera temporal este recinto remodelación del Azteca todavía haber incertidumbre respecto del ambiente diferencia otro edición ayer aún quedar poco menos mitad boleto duelo,Deportes
Yanquis clasificado playoff caer 9-4 Pittsburgh Nueva York Yanquis clasificado postemporada Grandes Ligas caer ayer 9-4 Piratas Pittsburgh pegar cinco jonrones incluir cuatro frente al novato dominicano Luis Gil este resultado retrasar equipo Nueva York conseguir ventaja casa playoff Liga Americana,Deportes
Cruz Azul líder arrollador remontar imponer Pachuca Hidalgo líder Cruz Azul aparecer tarde estadio Hidalgo más 40 minuto jugar equipo errático irreconocible ser abajo dos gol marcador vez funcionar plan partido mismo grado dificultad siempre expulsión incluido Sergio Damián Barreto fuerte entrada Luis Romo Máquina venir atrás ganar 4-2 mantener él cima Liga Mx,Deportes
Sinner decepcionado apelación AMA Roma tenista número uno del mundo Jannik Sinner decir estar mucho decepcionado sorprendido después Agencia Mundial Antidopaje ( AMA ) decidir impugnar decisión Agencia Integridad del Tenis Internacional determinar no haber culpabilidad dos positivo dopaje,Deportes
Dodgers Yanquis primero sembrado Ángeles Dodgers Ángeles Yanquis Nueva York asegurar este sábado ser primero sembrado playoff mientras dominicano José Ramírez Guardianes Cleveland colocar jonrón ingresar selecto club del 40-40,Deportes
Cede lluvia arrancar primero partido miniliga del Pacífico lluvia ceder hora fin salir Sol señal sagrado fanático del beisbol aguardar par día tormentoso pudie-ra empezar minitorneo Liga Mexicana del Pacífico estadio Fray Nano Ciudad México todo mover prisa ganar él partida al mal tiempo al fin arrancar primero juego Cañeros Mochis derrotar 4-0 Sultanes Monterrey resto partido aún depender condición climático,Deportes
Guadalajara dejar escapar valioso triunfo igualar 1-1 Monterrey partido mucho intensidad polémica arbitral incluido Chivas dejar escapar importante triunfo empatar 1-1 Monterrey duelo jornada 10 del torneo Apertura 2024 disputado ayer estadio Akron,Deportes
México ratifico hegemonía Homeless Cup Corea del Sur México ratificar hegemonía Homeless World Cup llevada cabo Seúl Corea del Sur consagrar máximo ganador este torneo selección varonil ganar 6-5 Inglaterra último momento evitar penal obtener quinto título mientras equipo femenil conseguir noveno corona vencer Rumania 5-2 día ayer,Deportes
Raúl Jiménez entrar al selecto club tricolor 100 gol Europa haber casualidad casi increíble futbol resto vida ser parte historia Raúl Jímenez manera coincidente marcar primero tanto número 100 cancha Europa diferencia 10 año día convertir tercer tricolor llegar al centenar gol torneo del viejo continente,Deportes
Venta gasolina Pemex aumentar 2.8% volumen venta gasolina Petróleos Mexicanos ( Pemex ) agosto promedeír 687 mil barril diario dato mostrar avance 2.8 ciento frente igual periodo del año pasado revelar estadística empresa estatal,Economía
sufrir rechazo Alemania reserva Italia posible fusión unicredit Commerzbank Milán jefe del banco italiano UniCredit Andrea Orcel participar viernes reunión virtual representante del alemán Commerzbank convertir él mayor inversor privado del prestamista alemán informar Reuters fuente conocedor del asunto,Economía
José Antonio Rojas Nieto economía Estados Unidos cuarto apreciadísimo doctoro Edith Klimovsky Barón profesora distinguido UAM Azcapotzalco presentar reciente congreso Economía Matemática Tlaxcala ponencia plantear – Edith dixit – eje determinar mostrar relación salario beneficio relación fundamental Clásicos evidente Marx duda –  pesar todo – Neoclásicos,Economía
aumentar ingreso divisa turístico elevar llegada viajero ser gran reto uno indicador marcar potencialidad turístico nación ser captación divisa viajero internacional afirmar Miguel Torruco titular Secretara Turismo ( Sectur ) Medido forma largo este sexenio país haber incrementar presencia nivel mundial mostrar dato oficial,Economía
Lactalis reducir casi 10% adquisición leche Francia grupo Lactalis líder mundial del sector lácteo anunciar reducir final año volumen leche recogido granja francés destinado mercado internacional centrar él producto vendido Francia,Economía
Compras maíz Estados Unidos incrementar 23% sexenio contexto producción grano básico haber estancar administración del presidente Andrés Manuel López Obrador terminar incremento aproximadamente 23 ciento volumen importación maíz Estados Unidos,Economía
Ciudades todo globo vivir burbujo inmobiliaria estudio Miami Tokio Zúrich encabezar lista ciudad mayor riesgo burbuja inmobiliario nivel mundial debido elevado amenaza mercado vivienda revelar UBS Global Real Estate Bubble Index 2024,Economía
Tequila mira China Qionglai Chengdú medio montaña alberguir uno sitio más grande observación luciérnaga Asia estar crecer atractivo mexicano parte comercialización destilado qionglai – condado 2 mil 300 año historia remitir antiguo Ruta Seda – buscar incluir al tequila proyecto erigir meca bebida espirituosa incluso importar jugo agave producción local,Economía
CASA celebrar taller creativo tamal Día Nacional del Maíz Nativo Oaxaca Oax celebrar Día Nacional del Maíz Nativo conmemorar hoy Asociación Civil Francisco Toledo realizar colaboración Fundación Alfredo Harp Helú Oaxaca ( Fahho ) actividad espacio fundado artista juchiteco ( 1940-2019 ) luchar defensa del grano escala estatal nacional,Cultura
Elena Poniatowska Miguel Ángel Salazar González Diablo Paula Haro hija hacer mucho amigo Diablo venir buscar él Chimalistac después limpiar varios parabrisa Insurgentes Miguel Ángel Quevedo Flaquito huesudo sonriente pelo negro cortinar ojo Diablo llegar desayunar comer merendar no rechazar ofrecimiento regaderazo agua caliente después casi 20 minuto agua aparecer mismo ropa sonrisa resplandeciar,Cultura
redescubrar opinión Rosario Castellanos política feminismo texto periodístico Rosario Castellanos ( 1925-1974 ) compilado libro Mujer palabra artículo rescatado mostrar desarrollo voz forma ganar confianza escritora incluir ensayo expresar manera fuerte opinión política feminismo explicar editora Andrea H. Reyes reunir escrito poeta diplomático,Cultura
Yuriria Iturriaga No sólo pan ... sorprender mismo categoría ser ajeno mayoría persona haber rodear todo vida varios decenio sorpresa no ser sólo sentir diferenceír compatriota mexicano todo caso repentino nostalgia paladar olfato tacto intrabucal del infinito mundo del pan pastel casualidad pertenecer al mundo trigo es decir del gluten atacar oriental mesoamericano viejo cepa no note …,Cultura
Espartaco Martínez trasladar libro obra Sutra del corazón bailarín coreógrafo butoh Espartaco Martínez haber interpretar diverso ocasión obra Sutra del corazón experiencia sensorial torno condición humano necesidad liberación emocional presentar hoy libro vestíbulo Casa Miguel Alemán del Complejo Cultural Pinos Chapultepec enseñanza relacionado volver al origen vida,Cultura
David Rothenberg revelar universo sonoro estanque del Jardín Botánico música no ser prodigio exclusivo del ser humano compositor estadunidense David Rothenberg haber enfocar parte quehacer académico investigar musicalidad animal entorno natural,Cultura
Baltimore arrebatar invicto Búfalo apabullar 35-10 Lamar Jackson Derrick Henry formar dupla ofensiva difícil contener NFL explosiva mancuerno ataque Cuervos Baltimore imponer 35-10 Bills Búfalo arrebatar invicto jornada cuatro temporada,Deportes
Orgullo azul oro Pumas vencer al América clásico capitalino futbol haber afición transmitar padre hijo ciento asistir ayer al estadio Ciudad Deportes camiseta Pumas resumir momento más feliz hacer más 13 año no ganar título Liga universitario hacer del clásico capitalino América fiesta colectivo familia amigo persona todo edad camiseta auriazul celebrar victoria 1-0 gol del peruano Piero Quispe,Deportes
ex escarlata Sepúlveda disfrutar ser sultán Carlos Sepúlveda apenas tener tiempo celebrar campeonato Liga Mexicana Beisbol Diablos Rojos después década espera inmediato tener reportar él equipo ser rival Serie del Rey Sultanes Monterrey jugar temporada invernal Liga del Pacífico,Deportes
Nápoles volver ser líder Serie Roma Nápoles conseguir liderato Serie Italia primero vez título logrado 2023 al derrotar 2-0 al Monza ayer partido sexto jornada Matteo Politano abrir marcador ( al minuto 22 ) imponer él velocidad del Monza georgiano Khvicha Kvaratskhelia aumentar ventaja ( minuto 33 ) asegurar cuarto victoria temporada equipo sumar 13 punto uno más sublíder Juventus Turín tanto Roma remontar vencer 2-1 Venecia primero gol del canterano Niccolò Pisilli,Deportes
Etíopes ganar maratón Berlín etíopes Tigist Ketema Milkesa Mengesha ganar maratón Berlín quedar lejos respectivo récord del mundo Ketema lograr 2:16.42 Menghesa 24 año completar 42195 kilómetro 2:03.17,Deportes
Baltimore avanzar postemporada vencer 6-2 Minnesota Minneápolis James McCann conectar tres jonrón Heston Kjerstad volar barda dar él Orioles Baltimore este domingo pase postemporada victoria 6-2 Mellizos Minnesota completar barrida tres juego,Deportes
Patrick Mahomes liderar victoria 17-10 Jefes frente Cargadores Patrick Mahomes siempre encontrar camino ganar mariscal campo Jefes Kansas City comandar equipo remontar 17-10 Cargadores Ángeles mantener invicto temporada ( 4-0 ),Deportes
sorprendente triunfo del esloveno pogacar Mundial Zúrich Zúrich esloveno Tadej Pogacar ganar primero título campeón mundial ciclismo ruta Zúrich ataque espectacular 100 kilómetro meta maniobra impensable escribir nuevo capítulo historia este deporte,Deportes
Guadalajara rescatar empate Tigres Liga Femenil Carolina Jaramillo apenas retornar cancha haber ser separar dos semana del plantel Chivas enseguida demostrar jerarquía ariete marcar gol tramo final permitir al Guadalajara rescatar empate 1-1 Tigres jornada 13 del torneo Liga Mx Femenil,Deportes
Atlético sufrir empatar Madrid Madrid Ángel Correa marcar tanto quinto minuto del tiempo añadido ( 90 + 5 ) dar al Atlético Madrid empate 1-1 Real Madrid derbi ser suspender varios minuto después integrante del público arrojar objeto al campo,Deportes
ManU padecer humillante derrota 3-0 Tottenham Manchester Manchester United sufrir ayer humillante derrota 3-0 Tottenham Old Trafford extender mal comienzo temporada United jugar inferioridad numérico minuto 42 expulsión roja directo Bruno Fernandes temerario falta James Maddison gol Brennan Johnson ( minuto 3 ) Dejan Kulusevski ( 47 ) Dominic Solanke ( 77 ) propinar al United tercero derrota dejar al equipo puesto 12 Tottenham escalar al octavo sitio sumar cuatro victoria al hilo,Deportes
Consumió servicio deuda 15% ingreso del gobierno Moody’s antes pandemia México gastar alrededor 10 ciento ingreso pago interés deuda año pasado choque tasa interés aumento inflación impacto política monetario Estados Unidos gobierno consumir 15 ciento ingreso pago interés destacar entrevista Renzo Merino vicepresidente analista sénior del Grupo Riesgo Soberano Moody’s,Economía
PIB minero aumentar 4.9% último año segundo trimestre 2024 industria minero México registrar producto interno bruto ( PIB ) 872 mil 30 millón pesos alza 4.93 ciento frente 853 mil 59 mil millón pesos igual periodo del año pasado,Economía
México medio tabla pronóstico crecimiento México encontrar mitad del ranking crecimiento económico país integrante Organización Cooperación Desarrollo Económicos ( OCDE ) debajo expansión del producto interno bruto ( PIB ) del mundo del G-7 nivel ser 3.2 ciento ambos caso,Economía
Reconoce Concanaco mejoer salario estabilidad económico diálogo equipo transición presidenta electa Claudia Sheinbaum Pardo avanzar bastante señalar Octavio Torre Stéffano dirigente Confederación Cámaras Nacionales Comercio Servicios Turismo ( Concanaco-Servytur ) también reconocer mejoría salario mínimo estabilidad económico alcanzado gestión Andrés Manuel López Obrador,Economía
China aligera carga crédito hipotecario Pekín Banco Popular China ( BPC ) ordenar ayer banco comercial empezar bajar tasa interés todo préstamo vivienda existente medida radical ayudar aligerar carga hipotecario hogar afectado desaceleración economía,Economía
León Bendesky giro banco central ser responsable del sistema monetario gestión política monetario estabilidad moneda nacional conseguir bajo inflación aproximar él al pleno empleo recurso disponible propósito ser alcanzar ese marco estabilidad financiero sistema capitalista ser inestable mismo naturaleza basado uso del dinero del crédito indicar existencia ciclo económico distinto duración periodo estancamiento expansión soler desembocar crisis,Economía
Cuba turismo igualdad derecho Santiago Cuba edición 14 Turismo Naturaleza Cuba Turnat 2024 concluir actividad anuncio próximo cita realizar Ciénaga Zapata occidental provincia Matanzas,Economía
México triplicar gasto compra arma contexto tensión global aumentar gasto México arma casi triplicar 2023 respecto al año previo mientras primero seis mes 2024 continuar tendencia al alza aún dato oficial mostrar ser poco más alto cantidad artefacto país vender al extranjero,Economía
México consolidar ecosistema industrial Secretaría Economía publicar segundo edición del dossier Invierte México Momento Mexicano documento clave reflejar posicionamiento del país actor estratégico economía global,Economía
costo del servicio deuda bajar medio punto del PIB ciclo recorte tasa CIDE ciclo baja tasa interés referencia del Banco México tener impacto benéfico deuda público próximo año también 2026 ser menos costoso destacar Raúl Feliz académico del Centro Investigación Docencia Económica ( CIDE ),Economía
primero sexenio positivo peso 30 año peso terminar primero vez administración apreciación frente al dólar estadunidense México entrar al régimen libre flotación del tipo cambio 1994 acuerdo dato del Banco México ( BdeM ) moneda mexicano alcanzar cotización 19.6902 pesos dólar spot al cierre penúltimo sesión del gobierno del presidente Andrés Manuel López Obrador representar apreciación nominal 3.7 ciento frente 20.4455 pesos dólar arrancar mandato mercado al mayoreo,Economía
Eleva India producción cereal gobierno India publicar estimación final cosecha del último año agrícola ( julio 2023 junio 2024 ) mostrar cereal alimenticio ( arroz trigo maíz ) alcanzar récord 332.3 millón tonelada aumento más 3 tonelada producción cereal alimentario debido mayor producción arroz maíz producción total arroz haber estimar 137.83 tonelada frente 135.76 del año pasado registrar 113.26 tonelada temporada kharif 14.6 tonelada rabi 9.97 tonelada zaid manera similar Ministerio Agricultura haber elevar producción trigo 113.29 tonelada estimación final 2023-24,Economía
libro 80 año 80 pieza resaltar riqueza del acervo del Museo Nacional Historia Museo Nacional Historia ( MNH ) asentado majestuoso Castillo Chapultepec celebrar ocho década presentación editorial 80 año 80 pieza ( 1944-2024 ) recorrido visual documental resaltar riqueza acervo colección cuidadosamente seleccionado,Cultura
Hermann Bellinghausen ¿ qué Israel salir ? haber ser difícil aprender mucho todo judío Israel no ser judío este año quedar claro nunca llamar Israel ente nuevo fundado balazo hacer siete década tierra habitado otro pueblo al negar adquirir tiempo fisonomir propio nacionalidad él israelí baño del humanismo pacifista judío europeo brillar ciencia art pensamiento del Romanticismo catástrofe fascista ( justo devenir europeo además judío ) nación israelí ser opuesto militarista vengativo autoritario fanático sostenido fanático paranoico superior al resto humanidad vez dueño sofisticada máquín matar sistema espionaje contrainsurgencia terrorismo antiterrorismo más temido eficaz del mundo ideología sionista ser satanizar fascismo al tanto deber contraluz desembocar doctrina fundamentalisto racista peligroso,Cultura
llegar noveno edición Cuerpo al Descubierto festival solo dancístico gran diversidad estilo ir del butoh danza experimental interpretar bailarín solista participar del 4 al 27 octubre noveno edición del Festival Internacional Danza Contemporánea Cuerpo al Descubierto dirigido Maribel Michel haber servir espacio reflexión celebración al arte Terpsícore,Cultura
Buena Impresión cumplir cinco año expandir art gráfico Oaxaca Buena Impresión taller litografía sede Oaxaca celebrar primero lustro vida exposición piedra papel cinco año creación Buena Impresión Galería espacio colonia Cuauhtémoc surgido primero forma digital año medio sede físico,Cultura
Támesis niebla núcleo muestra Claude Monet Londres Londres pintor francés Claude Monet amar Londres fascinar niebla creer luz misterioso reflejado obra ciudad exhibir primero vez capital británico,Cultura
festejan 90 año del Palacio Bellas Artes testigo persistencia del genio creativo tarde lluviós abrazó Ciudad México inclemente tiempo lograr opacar brillo uno mayor ícono Palacio Bellas Artes majestuoso edificio celebrar este domingo 90 aniversario multitud decidido formar parte del momento histórico,Cultura
Condusef alertar suplantación identidad 24 financiera Veinticuatro institución debidamente constituido haber reportar suplantación identidad cometer fraude usuario,Economía
Edgar Amador reemplazar Gabriel Yorio subsecretario Hacienda designación ser anunciar apenas hora antes Sheinbaum asumir martes primero mujer presidenta historia México,Economía
Banregio 30 año transformar sector financiero mexicano combinación atención personalizado innovación tecnológico haber llevar al banco expandir red sucursal diversificar oferta producto servicio,Economía
Regina García Cuéllar convertir primero directora general ABM García Cuéllar haber liderar sector banca telecomunicación energía sustituir Juan Carlos Jiménez separar cargo mayo pasado,Economía
Cetes bajar quinto semana consecutivo rendimiento Cetes bajar mínimo nivel 2022 anticipar más recorte parte del Banco México,Economía
Lula da Silva urge México renovar relación comercial presidente Brasil indicar saber importancia Estados Unidos tener México hacer llamado empresario mexicano voltear más al Sur,Economía
no quedar claro ir poder romper persistencia precio Heath subgobernador del Banco México explicar persistencia precio servicio ser razón votar mantener tasa referencia semana pasado,Economía
Beijing flexibilizar norma compra vivienda impulsar demanda reducir pago inicial mínimo comprar vivienda primero vez no menos del 15% mientras comprador segundo vivienda disfrutar pago inicial mínimo del 20%,Economía
76% mexicano sentir más inseguro cajero automático calle Datos del Inegi revelar mujer persona escolaridad básico ser sentir más inseguro lugar,Economía
Sheinbaum designar Emiliano Calderón CEO CFE TEIT Emiliano Calderón desempeñar coordinador Estrategia Digital Nacional sexenio AMLO ahora ser director estatal telecomunicación,Ciencia y Tecnología
California vetar ley seguridad IA preocupación regulación IA haber tomar fuerza EU al menos 40 estado aprobar ley al respecto este año,Ciencia y Tecnología
¿ cómo hacer podcast Notebook LM asistente proyecto Google ? herramienta IA Notebook lm poder realizar proyecto podcast necesidad estudio grabación enseñar cómo hacer uno paso paso,Ciencia y Tecnología
YouTube coronar rey del streaming mexicano plataforma imponer más consumido país agosto este año respecto Netflix Disney debido modelo gratuito acuerdo Nielsen,Ciencia y Tecnología
qué ser cómo funcionar tarifa dinámico Ticketmaster Oasis rechazar hermano Gallagher anunciar gira Norteamérica usuario no tener lidiar medida Ticketmaster utilizar grande evento,Ciencia y Tecnología
Trump advertir ir Google solo mostrar noticia mala candidato apuntar caso llegar presidencia solicitar Google procesado nivel máximo,Ciencia y Tecnología
AT&T vender participación DirecTV 7.600 millón dólares operación permitir AT&amp;T continuar deshacer él participación sector del entretenimiento invertir grande suma último año,Ciencia y Tecnología
IA ser oportunidad ser más huma yo Pilar Manchón directora estrategia investigación IA Google hablar Expansión necesidad art desarrollo nuevo tecnología,Ciencia y Tecnología
